asset_type,asset_ID,pos_x,pos_y,pos_z,marker_size,param,residual,participant_id,practicing,block_num,trial_num,task_type,target_size,target_loc,distractor_size,distractor_loc
AssetMarker,52,5.13435757328613e-42,0.6504137516021729,0.051974717527627945,0.023909036070108414,-25850,1.674614723299051e-39,6,0,2,39,KBYG,large,right,large,left
AssetMarker,965880405,5.1371601702147794e-42,0.6589757204055786,0.019211210310459137,0.0009653012966737151,30738,1.6746007103144078e-39,6,0,2,39,KBYG,large,right,large,left
AssetMarker,52,5.13435757328613e-42,0.6503499746322632,0.05196373909711838,0.023976337164640427,-25331,1.674614723299051e-39,6,0,2,39,KBYG,large,right,large,left
AssetMarker,965871066,5.1371601702147794e-42,0.6589720249176025,0.019259318709373474,0.000960004108492285,32735,1.6746007103144078e-39,6,0,2,39,KBYG,large,right,large,left
AssetMarker,52,5.13435757328613e-42,0.6502353549003601,0.05198243260383606,0.024051891639828682,-24165,1.674614723299051e-39,6,0,2,39,KBYG,large,right,large,left
AssetMarker,966263923,5.1371601702147794e-42,0.6589650511741638,0.01930903270840645,0.0009549501119181514,-30834,1.6746007103144078e-39,6,0,2,39,KBYG,large,right,large,left
AssetMarker,52,5.13435757328613e-42,0.6501408219337463,0.05195020139217377,0.02411334216594696,-23157,1.674614723299051e-39,6,0,2,39,KBYG,large,right,large,left
AssetMarker,966689168,5.1371601702147794e-42,0.6589481234550476,0.019345516338944435,0.0009403896401636302,-28456,1.6746007103144078e-39,6,0,2,39,KBYG,large,right,large,left
AssetMarker,52,5.13435757328613e-42,0.6500786542892456,0.051958587020635605,0.02416299656033516,-22303,1.674614723299051e-39,6,0,2,39,KBYG,large,right,large,left
AssetMarker,966889189,5.1371601702147794e-42,0.6589556932449341,0.019417654722929,0.0009927406208589673,-26367,1.6746007103144078e-39,6,0,2,39,KBYG,large,right,large,left
AssetMarker,52,5.13435757328613e-42,0.6500203609466553,0.0519527830183506,0.02420772798359394,-21322,1.674614723299051e-39,6,0,2,39,KBYG,large,right,large,left
AssetMarker,967126958,5.1371601702147794e-42,0.6589556336402893,0.01943693682551384,0.0009686037665233016,-24309,1.6746007103144078e-39,6,0,2,39,KBYG,large,right,large,left
AssetMarker,52,5.13435757328613e-42,0.6499683856964111,0.05194534361362457,0.024220401421189308,-20353,1.674614723299051e-39,6,0,2,39,KBYG,large,right,large,left
AssetMarker,967201872,5.1371601702147794e-42,0.6589533686637878,0.019464213401079178,0.0009802794083952904,-22279,1.6746007103144078e-39,6,0,2,39,KBYG,large,right,large,left
AssetMarker,52,5.13435757328613e-42,0.6499360799789429,0.05195188149809837,0.024216460064053535,-19398,1.674614723299051e-39,6,0,2,39,KBYG,large,right,large,left
AssetMarker,967143757,5.1371601702147794e-42,0.6589463353157043,0.019470976665616035,0.0009669311693869531,-19930,1.6746007103144078e-39,6,0,2,39,KBYG,large,right,large,left
AssetMarker,52,5.13435757328613e-42,0.6498867273330688,0.05195071920752525,0.024226775392889976,-18517,1.674614723299051e-39,6,0,2,39,KBYG,large,right,large,left
AssetMarker,967574689,5.1371601702147794e-42,0.6589478254318237,0.019492659717798233,0.0009578531025908887,-17959,1.6746007103144078e-39,6,0,2,39,KBYG,large,right,large,left
AssetMarker,52,5.13435757328613e-42,0.6498514413833618,0.05194999277591705,0.024228103458881378,-17544,1.674614723299051e-39,6,0,2,39,KBYG,large,right,large,left
AssetMarker,967577003,5.1371601702147794e-42,0.6589282751083374,0.01947908103466034,0.00094100326532498,-16016,1.6746007103144078e-39,6,0,2,39,KBYG,large,right,large,left
AssetMarker,52,5.13435757328613e-42,0.6498075127601624,0.051936957985162735,0.024225708097219467,-16686,1.674614723299051e-39,6,0,2,39,KBYG,large,right,large,left
AssetMarker,967686074,5.1371601702147794e-42,0.65891432762146,0.019480416551232338,0.0009274506010115147,-13757,1.6746007103144078e-39,6,0,2,39,KBYG,large,right,large,left
AssetMarker,52,5.13435757328613e-42,0.6497674584388733,0.051933132112026215,0.02421695925295353,-16105,1.674614723299051e-39,6,0,2,39,KBYG,large,right,large,left
AssetMarker,967408467,5.1371601702147794e-42,0.6589038968086243,0.019485384225845337,0.000926183070987463,-11868,1.6746007103144078e-39,6,0,2,39,KBYG,large,right,large,left
AssetMarker,52,5.13435757328613e-42,0.6497200727462769,0.05191884934902191,0.02421317808330059,-15530,1.674614723299051e-39,6,0,2,39,KBYG,large,right,large,left
AssetMarker,967537948,5.1371601702147794e-42,0.65889573097229,0.01948390156030655,0.0009111607796512544,-9667,1.6746007103144078e-39,6,0,2,39,KBYG,large,right,large,left
AssetMarker,52,5.13435757328613e-42,0.6496824622154236,0.0519072599709034,0.02421676367521286,-14963,1.674614723299051e-39,6,0,2,39,KBYG,large,right,large,left
AssetMarker,967651103,5.1371601702147794e-42,0.6588869690895081,0.01948976330459118,0.0008990898495540023,-7495,1.6746007103144078e-39,6,0,2,39,KBYG,large,right,large,left
AssetMarker,52,5.13435757328613e-42,0.6496304273605347,0.051891982555389404,0.024211671203374863,-13965,1.674614723299051e-39,6,0,2,39,KBYG,large,right,large,left
AssetMarker,967684037,5.1371601702147794e-42,0.6588966250419617,0.019505318254232407,0.0008867334108799696,-5352,1.6746007103144078e-39,6,0,2,39,KBYG,large,right,large,left
AssetMarker,52,5.13435757328613e-42,0.6495762467384338,0.05190529301762581,0.02422810159623623,-13441,1.674614723299051e-39,6,0,2,39,KBYG,large,right,large,left
AssetMarker,968272125,5.1371601702147794e-42,0.6588941812515259,0.01951594278216362,0.0008806143887341022,-3643,1.6746007103144078e-39,6,0,2,39,KBYG,large,right,large,left
AssetMarker,52,5.13435757328613e-42,0.6495567560195923,0.05190426856279373,0.0242264773696661,-12965,1.674614723299051e-39,6,0,2,39,KBYG,large,right,large,left
AssetMarker,968329544,5.1371601702147794e-42,0.6588849425315857,0.019526662304997444,0.0008666017092764378,-1554,1.6746007103144078e-39,6,0,2,39,KBYG,large,right,large,left
AssetMarker,52,5.13435757328613e-42,0.64952152967453,0.05189666524529457,0.02423873357474804,-12496,1.674614723299051e-39,6,0,2,39,KBYG,large,right,large,left
AssetMarker,968313371,5.1371601702147794e-42,0.6588978171348572,0.01953827776014805,0.0008590376237407327,507,1.674602111612872e-39,6,0,2,39,KBYG,large,right,large,left
AssetMarker,52,5.13435757328613e-42,0.6494832634925842,0.05188002809882164,0.024272818118333816,-11916,1.674614723299051e-39,6,0,2,39,KBYG,large,right,large,left
AssetMarker,967791005,5.1371601702147794e-42,0.6589005589485168,0.01955150067806244,0.0008545481832697988,1589,1.674602111612872e-39,6,0,2,39,KBYG,large,right,large,left
AssetMarker,52,5.13435757328613e-42,0.6494144797325134,0.051892977207899094,0.02431129477918148,-11654,1.674614723299051e-39,6,0,2,39,KBYG,large,right,large,left
AssetMarker,967392898,5.1371601702147794e-42,0.6589006781578064,0.019558602944016457,0.0008565062889829278,3603,1.674602111612872e-39,6,0,2,39,KBYG,large,right,large,left
AssetMarker,52,5.13435757328613e-42,0.6493966579437256,0.05188414826989174,0.024331897497177124,-11296,1.674614723299051e-39,6,0,2,39,KBYG,large,right,large,left
AssetMarker,967205846,5.1371601702147794e-42,0.6588975787162781,0.019593600183725357,0.0008495068177580833,5271,1.674602111612872e-39,6,0,2,39,KBYG,large,right,large,left
AssetMarker,52,5.13435757328613e-42,0.6493881940841675,0.051882464438676834,0.024363882839679718,-10943,1.674614723299051e-39,6,0,2,39,KBYG,large,right,large,left
AssetMarker,967131618,5.1371601702147794e-42,0.6589123606681824,0.019629666581749916,0.0008510016486980021,6528,1.674602111612872e-39,6,0,2,39,KBYG,large,right,large,left
AssetMarker,52,5.13435757328613e-42,0.6493810415267944,0.05187854543328285,0.02440098486840725,-10595,1.674614723299051e-39,6,0,2,39,KBYG,large,right,large,left
AssetMarker,967319590,5.1371601702147794e-42,0.6589342951774597,0.019651830196380615,0.0008531336789019406,8155,1.674602111612872e-39,6,0,2,39,KBYG,large,right,large,left
AssetMarker,52,5.13435757328613e-42,0.6493855714797974,0.05188573896884918,0.024438580498099327,-10252,1.674614723299051e-39,6,0,2,39,KBYG,large,right,large,left
AssetMarker,967093556,5.1371601702147794e-42,0.6589494943618774,0.01969289965927601,0.0008537026005797088,9535,1.674602111612872e-39,6,0,2,39,KBYG,large,right,large,left
AssetMarker,52,5.13435757328613e-42,0.6494078040122986,0.05188719183206558,0.0244658924639225,-9913,1.674614723299051e-39,6,0,2,39,KBYG,large,right,large,left
AssetMarker,967280943,5.1371601702147794e-42,0.6589323878288269,0.01977962628006935,0.00084088952280581,11432,1.674602111612872e-39,6,0,2,39,KBYG,large,right,large,left
AssetMarker,52,5.13435757328613e-42,0.649425208568573,0.05188566818833351,0.024492068216204643,-9680,1.674614723299051e-39,6,0,2,39,KBYG,large,right,large,left
AssetMarker,967108230,5.1371601702147794e-42,0.6589297652244568,0.019802900031208992,0.0008412479655817151,13008,1.674602111612872e-39,6,0,2,39,KBYG,large,right,large,left
AssetMarker,52,5.13435757328613e-42,0.6494510769844055,0.05189378559589386,0.024517197161912918,-9353,1.674614723299051e-39,6,0,2,39,KBYG,large,right,large,left
AssetMarker,967133670,5.1371601702147794e-42,0.6589255928993225,0.019831141456961632,0.0008298733737319708,14565,1.674602111612872e-39,6,0,2,39,KBYG,large,right,large,left
AssetMarker,52,5.13435757328613e-42,0.6494628190994263,0.05190714821219444,0.024546047672629356,-9028,1.674614723299051e-39,6,0,2,39,KBYG,large,right,large,left
AssetMarker,967102632,5.1371601702147794e-42,0.6589332818984985,0.019859639927744865,0.0008352266158908606,16102,1.674602111612872e-39,6,0,2,39,KBYG,large,right,large,left
AssetMarker,52,5.13435757328613e-42,0.6494807004928589,0.05190432816743851,0.024559536948800087,-8849,1.674614723299051e-39,6,0,2,39,KBYG,large,right,large,left
AssetMarker,967196486,5.1371601702147794e-42,0.6589257121086121,0.01987486705183983,0.0008276589214801788,17620,1.674602111612872e-39,6,0,2,39,KBYG,large,right,large,left
AssetMarker,52,5.13435757328613e-42,0.6494796872138977,0.05190252512693405,0.024575749412178993,-8683,1.674614723299051e-39,6,0,2,39,KBYG,large,right,large,left
AssetMarker,966873249,5.1371601702147794e-42,0.658916711807251,0.019908951595425606,0.0008194795227609575,19336,1.674602111612872e-39,6,0,2,39,KBYG,large,right,large,left
AssetMarker,52,5.13435757328613e-42,0.6494872570037842,0.051890965551137924,0.024577276781201363,-8455,1.674614723299051e-39,6,0,2,39,KBYG,large,right,large,left
AssetMarker,967024289,5.1371601702147794e-42,0.6589078903198242,0.019923293963074684,0.0008043881971389055,21398,1.674602111612872e-39,6,0,2,39,KBYG,large,right,large,left
AssetMarker,52,5.13435757328613e-42,0.649482250213623,0.051891300827264786,0.02458173967897892,-7937,1.674614723299051e-39,6,0,2,39,KBYG,large,right,large,left
AssetMarker,966989319,5.1371601702147794e-42,0.6589142084121704,0.01993473619222641,0.000797907414380461,23070,1.674602111612872e-39,6,0,2,39,KBYG,large,right,large,left
AssetMarker,52,5.13435757328613e-42,0.6494811177253723,0.051883380860090256,0.024582380428910255,-7776,1.674614723299051e-39,6,0,2,39,KBYG,large,right,large,left
AssetMarker,967109806,5.1371601702147794e-42,0.6589035391807556,0.019941162317991257,0.000779832131229341,24723,1.674602111612872e-39,6,0,2,39,KBYG,large,right,large,left
AssetMarker,52,5.13435757328613e-42,0.6494808197021484,0.051885444670915604,0.024571876972913742,-7274,1.674614723299051e-39,6,0,2,39,KBYG,large,right,large,left
AssetMarker,966994964,5.1371601702147794e-42,0.6589009761810303,0.019955173134803772,0.0007655589724890888,26356,1.674602111612872e-39,6,0,2,39,KBYG,large,right,large,left
AssetMarker,52,5.13435757328613e-42,0.6494950652122498,0.05188016965985298,0.024554412811994553,-7188,1.674614723299051e-39,6,0,2,39,KBYG,large,right,large,left
AssetMarker,967094241,5.1371601702147794e-42,0.6588907241821289,0.019905520603060722,0.0007080720388330519,28330,1.674602111612872e-39,6,0,2,39,KBYG,large,right,large,left
AssetMarker,52,5.13435757328613e-42,0.6495059728622437,0.051884181797504425,0.024538928642868996,-6971,1.674614723299051e-39,6,0,2,39,KBYG,large,right,large,left
AssetMarker,967122620,5.1371601702147794e-42,0.6589158177375793,0.01997183822095394,0.0007288839551620185,30280,1.674602111612872e-39,6,0,2,39,KBYG,large,right,large,left
AssetMarker,52,5.13435757328613e-42,0.6495268940925598,0.05188390612602234,0.024522632360458374,-6539,1.674614723299051e-39,6,0,2,39,KBYG,large,right,large,left
AssetMarker,967315514,5.1371601702147794e-42,0.6588935256004333,0.01992630399763584,0.0006756253424100578,31646,1.674602111612872e-39,6,0,2,39,KBYG,large,right,large,left
AssetMarker,52,5.13435757328613e-42,0.6495359539985657,0.051880139857530594,0.024513928219676018,-6109,1.674614723299051e-39,6,0,2,39,KBYG,large,right,large,left
AssetMarker,967179752,5.1371601702147794e-42,0.6588984727859497,0.019932059571146965,0.0006673095631413162,-32334,1.674602111612872e-39,6,0,2,39,KBYG,large,right,large,left
AssetMarker,52,5.13435757328613e-42,0.649562656879425,0.05186228081583977,0.024489976465702057,-5669,1.674614723299051e-39,6,0,2,39,KBYG,large,right,large,left
AssetMarker,967575030,5.1371601702147794e-42,0.6588959097862244,0.019970029592514038,0.0006842031725682318,-30796,1.674602111612872e-39,6,0,2,39,KBYG,large,right,large,left
AssetMarker,52,5.13435757328613e-42,0.6495119333267212,0.051870644092559814,0.024495529010891914,-5366,1.674614723299051e-39,6,0,2,39,KBYG,large,right,large,left
AssetMarker,967184600,5.1371601702147794e-42,0.6588654518127441,0.019910583272576332,0.0006252154125832021,-29128,1.674602111612872e-39,6,0,2,39,KBYG,large,right,large,left
AssetMarker,52,5.13435757328613e-42,0.6494919061660767,0.051865167915821075,0.024486904963850975,-5063,1.674614723299051e-39,6,0,2,39,KBYG,large,right,large,left
AssetMarker,967227161,5.1371601702147794e-42,0.6588443517684937,0.019904684275388718,0.0006096591823734343,-27826,1.674602111612872e-39,6,0,2,39,KBYG,large,right,large,left
AssetMarker,52,5.13435757328613e-42,0.6494671106338501,0.05186101421713829,0.024479703977704048,-4763,1.674614723299051e-39,6,0,2,39,KBYG,large,right,large,left
AssetMarker,967293191,5.1371601702147794e-42,0.6588665843009949,0.01995914801955223,0.0006543899653479457,-26338,1.674602111612872e-39,6,0,2,39,KBYG,large,right,large,left
AssetMarker,52,5.13435757328613e-42,0.6494497656822205,0.051854513585567474,0.024464068934321403,-4291,1.674614723299051e-39,6,0,2,39,KBYG,large,right,large,left
AssetMarker,967282973,5.1371601702147794e-42,0.6588331460952759,0.019904034212231636,0.0005983722512610257,-25066,1.674602111612872e-39,6,0,2,39,KBYG,large,right,large,left
AssetMarker,52,5.13435757328613e-42,0.6494389772415161,0.0518537238240242,0.024444645270705223,-4164,1.674614723299051e-39,6,0,2,39,KBYG,large,right,large,left
AssetMarker,967225940,5.1371601702147794e-42,0.6588318347930908,0.019904963672161102,0.0005970164202153683,-23809,1.674602111612872e-39,6,0,2,39,KBYG,large,right,large,left
AssetMarker,52,5.13435757328613e-42,0.6494359374046326,0.0518508143723011,0.02442942187190056,-3869,1.674614723299051e-39,6,0,2,39,KBYG,large,right,large,left
AssetMarker,967246122,5.1371601702147794e-42,0.6588310599327087,0.019888363778591156,0.000597845355514437,-22565,1.674602111612872e-39,6,0,2,39,KBYG,large,right,large,left
AssetMarker,52,5.13435757328613e-42,0.6494364738464355,0.051850058138370514,0.0244258064776659,-3574,1.674614723299051e-39,6,0,2,39,KBYG,large,right,large,left
AssetMarker,967126572,5.1371601702147794e-42,0.6588324904441833,0.019887158647179604,0.0006012243102304637,-21335,1.674602111612872e-39,6,0,2,39,KBYG,large,right,large,left
AssetMarker,52,5.13435757328613e-42,0.6494353413581848,0.05184951424598694,0.024427765980362892,-3281,1.674614723299051e-39,6,0,2,39,KBYG,large,right,large,left
AssetMarker,967272232,5.1371601702147794e-42,0.6588469743728638,0.019870631396770477,0.0006307773874141276,-20119,1.674602111612872e-39,6,0,2,39,KBYG,large,right,large,left
AssetMarker,52,5.13435757328613e-42,0.6494365334510803,0.05184421315789223,0.024425359442830086,-2990,1.674614723299051e-39,6,0,2,39,KBYG,large,right,large,left
AssetMarker,967202426,5.1371601702147794e-42,0.6588466763496399,0.019880792126059532,0.0006158095202408731,-18916,1.674602111612872e-39,6,0,2,39,KBYG,large,right,large,left
AssetMarker,52,5.13435757328613e-42,0.6494438052177429,0.05183878168463707,0.024435650557279587,-2701,1.674614723299051e-39,6,0,2,39,KBYG,large,right,large,left
AssetMarker,967178806,5.1371601702147794e-42,0.6588781476020813,0.019884463399648666,0.0006509068189188838,-17727,1.674602111612872e-39,6,0,2,39,KBYG,large,right,large,left
AssetMarker,52,5.13435757328613e-42,0.6494515538215637,0.05184650048613548,0.02444598264992237,-2414,1.674614723299051e-39,6,0,2,39,KBYG,large,right,large,left
AssetMarker,967018270,5.1371601702147794e-42,0.6588958501815796,0.019897112622857094,0.0006552815902978182,-16551,1.674602111612872e-39,6,0,2,39,KBYG,large,right,large,left
AssetMarker,52,5.13435757328613e-42,0.6494694352149963,0.051855526864528656,0.024455899372696876,-2129,1.674614723299051e-39,6,0,2,39,KBYG,large,right,large,left
AssetMarker,967132744,5.1371601702147794e-42,0.6588907837867737,0.019895397126674652,0.0006553358980454504,-15060,1.674602111612872e-39,6,0,2,39,KBYG,large,right,large,left
AssetMarker,52,5.13435757328613e-42,0.6494883298873901,0.051857270300388336,0.024465184658765793,-1858,1.674614723299051e-39,6,0,2,39,KBYG,large,right,large,left
AssetMarker,967269100,5.1371601702147794e-42,0.6588963866233826,0.019915375858545303,0.0006517776055261493,-13911,1.674602111612872e-39,6,0,2,39,KBYG,large,right,large,left
AssetMarker,52,5.13435757328613e-42,0.6495003700256348,0.05185779556632042,0.024461954832077026,-1576,1.674614723299051e-39,6,0,2,39,KBYG,large,right,large,left
AssetMarker,967326762,5.1371601702147794e-42,0.6589038372039795,0.019931631162762642,0.000650934234727174,-12449,1.674602111612872e-39,6,0,2,39,KBYG,large,right,large,left
AssetMarker,52,5.13435757328613e-42,0.6495057940483093,0.05185946077108383,0.0244671031832695,-1296,1.674614723299051e-39,6,0,2,39,KBYG,large,right,large,left
AssetMarker,967203876,5.1371601702147794e-42,0.6589077115058899,0.01994730345904827,0.0006440529250539839,-11327,1.674602111612872e-39,6,0,2,39,KBYG,large,right,large,left
AssetMarker,52,5.13435757328613e-42,0.649497926235199,0.05185655131936073,0.024483565241098404,-1018,1.674614723299051e-39,6,0,2,39,KBYG,large,right,large,left
AssetMarker,967236606,5.1371601702147794e-42,0.6589159965515137,0.019948065280914307,0.0006438609561882913,-10217,1.674602111612872e-39,6,0,2,39,KBYG,large,right,large,left
AssetMarker,52,5.13435757328613e-42,0.6494783759117126,0.051847975701093674,0.02448926493525505,-742,1.674614723299051e-39,6,0,2,39,KBYG,large,right,large,left
AssetMarker,967233530,5.1371601702147794e-42,0.658900260925293,0.019938817247748375,0.0006439025164581835,-8931,1.674602111612872e-39,6,0,2,39,KBYG,large,right,large,left
AssetMarker,52,5.13435757328613e-42,0.6494636535644531,0.051841624081134796,0.024477848783135414,-467,1.674614723299051e-39,6,0,2,39,KBYG,large,right,large,left
AssetMarker,967394156,5.1371601702147794e-42,0.6588855981826782,0.01991601474583149,0.0006554700084961951,-7844,1.674602111612872e-39,6,0,2,39,KBYG,large,right,large,left
AssetMarker,52,5.13435757328613e-42,0.6494393348693848,0.05183328688144684,0.024469569325447082,-361,1.674614723299051e-39,6,0,2,39,KBYG,large,right,large,left
AssetMarker,966995997,5.1371601702147794e-42,0.6588890552520752,0.019903961569070816,0.0006513718399219215,-6582,1.674602111612872e-39,6,0,2,39,KBYG,large,right,large,left
AssetMarker,52,5.13435757328613e-42,0.6494148373603821,0.05182385817170143,0.02445784956216812,83,1.6746161245975153e-39,6,0,2,39,KBYG,large,right,large,left
AssetMarker,967129190,5.1371601702147794e-42,0.6588805317878723,0.019882583990693092,0.0006398868863470852,-5518,1.674602111612872e-39,6,0,2,39,KBYG,large,right,large,left
AssetMarker,52,5.13435757328613e-42,0.6493995785713196,0.05182075873017311,0.024438990280032158,354,1.6746161245975153e-39,6,0,2,39,KBYG,large,right,large,left
AssetMarker,967163261,5.1371601702147794e-42,0.6588621735572815,0.019867995753884315,0.0006442406447604299,-4151,1.674602111612872e-39,6,0,2,39,KBYG,large,right,large,left
AssetMarker,52,5.13435757328613e-42,0.6493916511535645,0.05181403458118439,0.024426283314824104,905,1.6746161245975153e-39,6,0,2,39,KBYG,large,right,large,left
AssetMarker,967229638,5.1371601702147794e-42,0.6588811278343201,0.019858822226524353,0.0006396383396349847,-3110,1.674602111612872e-39,6,0,2,39,KBYG,large,right,large,left
AssetMarker,52,5.13435757328613e-42,0.6493910551071167,0.05180303752422333,0.024410640820860863,1286,1.6746161245975153e-39,6,0,2,39,KBYG,large,right,large,left
AssetMarker,967214526,5.1371601702147794e-42,0.6588707566261291,0.019849421456456184,0.0006398708210326731,-2080,1.674602111612872e-39,6,0,2,39,KBYG,large,right,large,left
AssetMarker,52,5.13435757328613e-42,0.6493958234786987,0.05180026218295097,0.02441152185201645,1396,1.6746161245975153e-39,6,0,2,39,KBYG,large,right,large,left
AssetMarker,966953846,5.1371601702147794e-42,0.6588716506958008,0.019851401448249817,0.0006385539309121668,-1060,1.674602111612872e-39,6,0,2,39,KBYG,large,right,large,left
AssetMarker,52,5.13435757328613e-42,0.6494045853614807,0.05180579051375389,0.024431496858596802,1660,1.6746161245975153e-39,6,0,2,39,KBYG,large,right,large,left
AssetMarker,967008921,5.1371601702147794e-42,0.6588719487190247,0.01985597237944603,0.0006388129550032318,-50,1.674602111612872e-39,6,0,2,39,KBYG,large,right,large,left
AssetMarker,52,5.13435757328613e-42,0.6494206190109253,0.05181356891989708,0.024453409016132355,1753,1.6746161245975153e-39,6,0,2,39,KBYG,large,right,large,left
AssetMarker,967325402,5.1371601702147794e-42,0.6588808298110962,0.019878331571817398,0.0006577284657396376,1128,1.6746035129113364e-39,6,0,2,39,KBYG,large,right,large,left
AssetMarker,52,5.13435757328613e-42,0.649430513381958,0.05180918052792549,0.024479152634739876,2018,1.6746161245975153e-39,6,0,2,39,KBYG,large,right,large,left
AssetMarker,967176258,5.1371601702147794e-42,0.6588807702064514,0.019882839173078537,0.0006669546128250659,2598,1.6746035129113364e-39,6,0,2,39,KBYG,large,right,large,left
AssetMarker,52,5.13435757328613e-42,0.6494515538215637,0.05181283876299858,0.024495335295796394,2448,1.6746161245975153e-39,6,0,2,39,KBYG,large,right,large,left
AssetMarker,967228207,5.1371601702147794e-42,0.658897340297699,0.019955456256866455,0.0007113953470252454,3750,1.6746035129113364e-39,6,0,2,39,KBYG,large,right,large,left
AssetMarker,52,5.13435757328613e-42,0.6494556665420532,0.051817428320646286,0.024507734924554825,2877,1.6746161245975153e-39,6,0,2,39,KBYG,large,right,large,left
AssetMarker,967188233,5.1371601702147794e-42,0.6589074730873108,0.019960537552833557,0.0007193589699454606,4890,1.6746035129113364e-39,6,0,2,39,KBYG,large,right,large,left
AssetMarker,52,5.13435757328613e-42,0.6494688987731934,0.05182097107172012,0.02452695742249489,3301,1.6746161245975153e-39,6,0,2,39,KBYG,large,right,large,left
AssetMarker,967219288,5.1371601702147794e-42,0.6589201092720032,0.019975746050477028,0.0007372609106823802,6019,1.6746035129113364e-39,6,0,2,39,KBYG,large,right,large,left
AssetMarker,52,5.13435757328613e-42,0.6494761109352112,0.051822904497385025,0.024523982778191566,3724,1.6746161245975153e-39,6,0,2,39,KBYG,large,right,large,left
AssetMarker,967181930,5.1371601702147794e-42,0.6589466333389282,0.01997476816177368,0.0007465836242772639,7260,1.6746035129113364e-39,6,0,2,39,KBYG,large,right,large,left
AssetMarker,52,5.13435757328613e-42,0.6494878530502319,0.051831528544425964,0.02452218346297741,4143,1.6746161245975153e-39,6,0,2,39,KBYG,large,right,large,left
AssetMarker,967153411,5.1371601702147794e-42,0.6589179635047913,0.01996971294283867,0.0007490009884350002,8366,1.6746035129113364e-39,6,0,2,39,KBYG,large,right,large,left
AssetMarker,52,5.13435757328613e-42,0.6494824290275574,0.051824141293764114,0.024521207436919212,4561,1.6746161245975153e-39,6,0,2,39,KBYG,large,right,large,left
AssetMarker,967063415,5.1371601702147794e-42,0.6589182019233704,0.019920939579606056,0.0007146737771108747,9290,1.6746035129113364e-39,6,0,2,39,KBYG,large,right,large,left
AssetMarker,52,5.13435757328613e-42,0.649471640586853,0.05181891843676567,0.02452682889997959,4976,1.6746161245975153e-39,6,0,2,39,KBYG,large,right,large,left
AssetMarker,966995546,5.1371601702147794e-42,0.658947765827179,0.019958339631557465,0.0007733500096946955,10204,1.6746035129113364e-39,6,0,2,39,KBYG,large,right,large,left
AssetMarker,52,5.13435757328613e-42,0.6494576930999756,0.05181782692670822,0.024539483711123466,5388,1.6746161245975153e-39,6,0,2,39,KBYG,large,right,large,left
AssetMarker,967152928,5.1371601702147794e-42,0.6589328646659851,0.01996149681508541,0.0007782977190800011,11280,1.6746035129113364e-39,6,0,2,39,KBYG,large,right,large,left
AssetMarker,52,5.13435757328613e-42,0.6494331955909729,0.05181051418185234,0.02454688958823681,5629,1.6746161245975153e-39,6,0,2,39,KBYG,large,right,large,left
AssetMarker,966975447,5.1371601702147794e-42,0.6589447855949402,0.019960515201091766,0.000793208833783865,12636,1.6746035129113364e-39,6,0,2,39,KBYG,large,right,large,left
AssetMarker,52,5.13435757328613e-42,0.6494107842445374,0.05180208757519722,0.024537527933716774,5869,1.6746161245975153e-39,6,0,2,39,KBYG,large,right,large,left
AssetMarker,967082872,5.1371601702147794e-42,0.6589390635490417,0.019955065101385117,0.0008060081745497882,13978,1.6746035129113364e-39,6,0,2,39,KBYG,large,right,large,left
AssetMarker,52,5.13435757328613e-42,0.6493876576423645,0.05179348587989807,0.024547584354877472,6108,1.6746161245975153e-39,6,0,2,39,KBYG,large,right,large,left
AssetMarker,966941624,5.1371601702147794e-42,0.6589389443397522,0.019944483414292335,0.0008060697582550347,15308,1.6746035129113364e-39,6,0,2,39,KBYG,large,right,large,left
AssetMarker,52,5.13435757328613e-42,0.6493587493896484,0.051788512617349625,0.02455488033592701,6455,1.6746161245975153e-39,6,0,2,39,KBYG,large,right,large,left
AssetMarker,967087998,5.1371601702147794e-42,0.6589481234550476,0.019935958087444305,0.0008113159565255046,16339,1.6746035129113364e-39,6,0,2,39,KBYG,large,right,large,left
AssetMarker,52,5.13435757328613e-42,0.6493453979492187,0.05178229883313179,0.02455572411417961,6967,1.6746161245975153e-39,6,0,2,39,KBYG,large,right,large,left
AssetMarker,967129336,5.1371601702147794e-42,0.6589460968971252,0.01993861049413681,0.0008116932003758848,17361,1.6746035129113364e-39,6,0,2,39,KBYG,large,right,large,left
AssetMarker,52,5.13435757328613e-42,0.6493321657180786,0.05177467688918114,0.024552637711167335,7479,1.6746161245975153e-39,6,0,2,39,KBYG,large,right,large,left
AssetMarker,967208244,5.1371601702147794e-42,0.6589370369911194,0.019923701882362366,0.000808072043582797,18374,1.6746035129113364e-39,6,0,2,39,KBYG,large,right,large,left
AssetMarker,52,5.13435757328613e-42,0.6493264436721802,0.0517713725566864,0.024538151919841766,7987,1.6746161245975153e-39,6,0,2,39,KBYG,large,right,large,left
AssetMarker,967061863,5.1371601702147794e-42,0.6589528322219849,0.0199185349047184,0.0008089684415608644,19494,1.6746035129113364e-39,6,0,2,39,KBYG,large,right,large,left
AssetMarker,52,5.13435757328613e-42,0.6493211388587952,0.05176832526922226,0.024537967517971992,8324,1.6746161245975153e-39,6,0,2,39,KBYG,large,right,large,left
AssetMarker,967103488,5.1371601702147794e-42,0.6589524149894714,0.019911816343665123,0.0008127863402478397,20604,1.6746035129113364e-39,6,0,2,39,KBYG,large,right,large,left
AssetMarker,52,5.13435757328613e-42,0.6493178009986877,0.05176769569516182,0.024546755477786064,8827,1.6746161245975153e-39,6,0,2,39,KBYG,large,right,large,left
AssetMarker,967116925,5.1371601702147794e-42,0.6589505672454834,0.01991981826722622,0.0008175949333235621,21588,1.6746035129113364e-39,6,0,2,39,KBYG,large,right,large,left
AssetMarker,52,5.13435757328613e-42,0.649316132068634,0.05176044628024101,0.024554697796702385,9327,1.6746161245975153e-39,6,0,2,39,KBYG,large,right,large,left
AssetMarker,967035101,5.1371601702147794e-42,0.6589596271514893,0.01992950774729252,0.0008209030493162572,22562,1.6746035129113364e-39,6,0,2,39,KBYG,large,right,large,left
AssetMarker,52,5.13435757328613e-42,0.6493125557899475,0.05176481232047081,0.024548640474677086,9484,1.6746161245975153e-39,6,0,2,39,KBYG,large,right,large,left
AssetMarker,967029408,5.1371601702147794e-42,0.6589635014533997,0.019917277619242668,0.0008304088842123747,23528,1.6746035129113364e-39,6,0,2,39,KBYG,large,right,large,left
AssetMarker,52,5.13435757328613e-42,0.6493116021156311,0.05176378786563873,0.02455337904393673,9980,1.6746161245975153e-39,6,0,2,39,KBYG,large,right,large,left
AssetMarker,966941429,5.1371601702147794e-42,0.6589763164520264,0.01990068517625332,0.000837719242554158,24324,1.6746035129113364e-39,6,0,2,39,KBYG,large,right,large,left
AssetMarker,52,5.13435757328613e-42,0.6493114233016968,0.051762986928224564,0.024546731263399124,10596,1.6746161245975153e-39,6,0,2,39,KBYG,large,right,large,left
AssetMarker,967104017,5.1371601702147794e-42,0.6589761972427368,0.01990717090666294,0.0008468680316582322,25273,1.6746035129113364e-39,6,0,2,39,KBYG,large,right,large,left
AssetMarker,52,5.13435757328613e-42,0.6493065357208252,0.05176055431365967,0.024550708010792732,11035,1.6746161245975153e-39,6,0,2,39,KBYG,large,right,large,left
AssetMarker,967121455,5.1371601702147794e-42,0.65898597240448,0.019904641434550285,0.0008573107188567519,26214,1.6746035129113364e-39,6,0,2,39,KBYG,large,right,large,left
AssetMarker,52,5.13435757328613e-42,0.6492985486984253,0.05175698176026344,0.024542186409235,11472,1.6746161245975153e-39,6,0,2,39,KBYG,large,right,large,left
AssetMarker,967253456,5.1371601702147794e-42,0.6589902639389038,0.019901122897863388,0.0008707815431989729,27145,1.6746035129113364e-39,6,0,2,39,KBYG,large,right,large,left
AssetMarker,52,5.13435757328613e-42,0.6492841243743896,0.051751576364040375,0.0245436429977417,11907,1.6746161245975153e-39,6,0,2,39,KBYG,large,right,large,left
AssetMarker,966992871,5.1371601702147794e-42,0.6590082049369812,0.01988927088677883,0.0008811603765934706,28068,1.6746035129113364e-39,6,0,2,39,KBYG,large,right,large,left
AssetMarker,52,5.13435757328613e-42,0.6492726802825928,0.051748085767030716,0.024548105895519257,12216,1.6746161245975153e-39,6,0,2,39,KBYG,large,right,large,left
AssetMarker,967065714,5.1371601702147794e-42,0.6590164303779602,0.019887518137693405,0.0008922345587052405,28983,1.6746035129113364e-39,6,0,2,39,KBYG,large,right,large,left
AssetMarker,52,5.13435757328613e-42,0.6492497324943542,0.05174749344587326,0.024561962112784386,12524,1.6746161245975153e-39,6,0,2,39,KBYG,large,right,large,left
AssetMarker,967066161,5.1371601702147794e-42,0.65901118516922,0.01988297328352928,0.0008994500385597348,29890,1.6746035129113364e-39,6,0,2,39,KBYG,large,right,large,left
AssetMarker,52,5.13435757328613e-42,0.6492398381233215,0.05173774063587189,0.024568306282162666,12831,1.6746161245975153e-39,6,0,2,39,KBYG,large,right,large,left
AssetMarker,966922669,5.1371601702147794e-42,0.6590076088905334,0.01987755298614502,0.000903058797121048,30789,1.6746035129113364e-39,6,0,2,39,KBYG,large,right,large,left
AssetMarker,52,5.13435757328613e-42,0.6492248773574829,0.0517355278134346,0.024572964757680893,13135,1.6746161245975153e-39,6,0,2,39,KBYG,large,right,large,left
AssetMarker,967054364,5.1371601702147794e-42,0.6590207815170288,0.01986553892493248,0.0009087751968763769,31680,1.6746035129113364e-39,6,0,2,39,KBYG,large,right,large,left
AssetMarker,52,5.13435757328613e-42,0.6492273807525635,0.05173298716545105,0.02456848882138729,13438,1.6746161245975153e-39,6,0,2,39,KBYG,large,right,large,left
AssetMarker,967088575,5.1371601702147794e-42,0.6590240001678467,0.019874749705195427,0.0009158359025605023,32563,1.6746035129113364e-39,6,0,2,39,KBYG,large,right,large,left
AssetMarker,52,5.13435757328613e-42,0.6492254137992859,0.05173421651124954,0.024575024843215942,13739,1.6746161245975153e-39,6,0,2,39,KBYG,large,right,large,left
AssetMarker,966877989,5.1371601702147794e-42,0.6590227484703064,0.019877245649695396,0.0009221314103342593,-32098,1.6746035129113364e-39,6,0,2,39,KBYG,large,right,large,left
AssetMarker,52,5.13435757328613e-42,0.6492266058921814,0.05173562839627266,0.024585042148828506,14038,1.6746161245975153e-39,6,0,2,39,KBYG,large,right,large,left
AssetMarker,967234560,5.1371601702147794e-42,0.6590251326560974,0.019891606643795967,0.0009347621817141771,-31078,1.6746035129113364e-39,6,0,2,39,KBYG,large,right,large,left
AssetMarker,52,5.13435757328613e-42,0.6492226719856262,0.0517292283475399,0.024590857326984405,14166,1.6746161245975153e-39,6,0,2,39,KBYG,large,right,large,left
AssetMarker,967134325,5.1371601702147794e-42,0.6590259075164795,0.019873805344104767,0.0009269739966839552,-29956,1.6746035129113364e-39,6,0,2,39,KBYG,large,right,large,left
AssetMarker,52,5.13435757328613e-42,0.6492146849632263,0.05172666162252426,0.024594420567154884,14198,1.6746161245975153e-39,6,0,2,39,KBYG,large,right,large,left
AssetMarker,967075902,5.1371601702147794e-42,0.659027636051178,0.019902009516954422,0.0009403039584867656,-28954,1.6746035129113364e-39,6,0,2,39,KBYG,large,right,large,left
AssetMarker,52,5.13435757328613e-42,0.649204671382904,0.051720958203077316,0.024592798203229904,14230,1.6746161245975153e-39,6,0,2,39,KBYG,large,right,large,left
AssetMarker,967021726,5.1371601702147794e-42,0.659033477306366,0.019902272149920464,0.0009309316519647837,-27960,1.6746035129113364e-39,6,0,2,39,KBYG,large,right,large,left
AssetMarker,52,5.13435757328613e-42,0.6491935849189758,0.05172237753868103,0.024600286036729813,14384,1.6746161245975153e-39,6,0,2,39,KBYG,large,right,large,left
AssetMarker,967153321,5.1371601702147794e-42,0.6590380668640137,0.01989997737109661,0.0009310855530202389,-26976,1.6746035129113364e-39,6,0,2,39,KBYG,large,right,large,left
AssetMarker,52,5.13435757328613e-42,0.6491745114326477,0.051717594265937805,0.024599527940154076,14586,1.6746161245975153e-39,6,0,2,39,KBYG,large,right,large,left
AssetMarker,967360392,5.1371601702147794e-42,0.6590336561203003,0.019870949909090996,0.0009279876830987632,-26149,1.6746035129113364e-39,6,0,2,39,KBYG,large,right,large,left
AssetMarker,52,5.13435757328613e-42,0.6491690874099731,0.05171648785471916,0.024597233161330223,14884,1.6746161245975153e-39,6,0,2,39,KBYG,large,right,large,left
AssetMarker,967000801,5.1371601702147794e-42,0.6590339541435242,0.01988769881427288,0.0009346597944386303,-25180,1.6746035129113364e-39,6,0,2,39,KBYG,large,right,large,left
AssetMarker,52,5.13435757328613e-42,0.6491588354110718,0.051712509244680405,0.024585332721471786,15179,1.6746161245975153e-39,6,0,2,39,KBYG,large,right,large,left
AssetMarker,966822662,5.1371601702147794e-42,0.6590451598167419,0.019863620400428772,0.0009280035737901926,-24367,1.6746035129113364e-39,6,0,2,39,KBYG,large,right,large,left
AssetMarker,52,5.13435757328613e-42,0.6491583585739136,0.05170866847038269,0.024582374840974808,15362,1.6746161245975153e-39,6,0,2,39,KBYG,large,right,large,left
AssetMarker,967112438,5.1371601702147794e-42,0.6590333580970764,0.01987304724752903,0.0009475703700445592,-23413,1.6746035129113364e-39,6,0,2,39,KBYG,large,right,large,left
AssetMarker,52,5.13435757328613e-42,0.6491472125053406,0.05170528218150139,0.02457980252802372,15728,1.6746161245975153e-39,6,0,2,39,KBYG,large,right,large,left
AssetMarker,967330051,5.1371601702147794e-42,0.6590271592140198,0.0198433268815279,0.0009287588763982058,-22360,1.6746035129113364e-39,6,0,2,39,KBYG,large,right,large,left
AssetMarker,52,5.13435757328613e-42,0.649145245552063,0.05170891061425209,0.02457631751894951,16142,1.6746161245975153e-39,6,0,2,39,KBYG,large,right,large,left
AssetMarker,967169529,5.1371601702147794e-42,0.6590341925621033,0.019842831417918205,0.0009361710981465876,-21568,1.6746035129113364e-39,6,0,2,39,KBYG,large,right,large,left
AssetMarker,52,5.13435757328613e-42,0.649144172668457,0.05170528218150139,0.024574806913733482,16429,1.6746161245975153e-39,6,0,2,39,KBYG,large,right,large,left
AssetMarker,967051359,5.1371601702147794e-42,0.6590323448181152,0.01984148845076561,0.0009362961864098907,-20783,1.6746035129113364e-39,6,0,2,39,KBYG,large,right,large,left
AssetMarker,52,5.13435757328613e-42,0.6491351127624512,0.05170360952615738,0.024568477645516396,16884,1.6746161245975153e-39,6,0,2,39,KBYG,large,right,large,left
AssetMarker,967218697,5.1371601702147794e-42,0.6590346693992615,0.019842954352498054,0.0009404987213201821,-19755,1.6746035129113364e-39,6,0,2,39,KBYG,large,right,large,left
AssetMarker,52,5.13435757328613e-42,0.6491296291351318,0.05170874297618866,0.024573486298322678,17337,1.6746161245975153e-39,6,0,2,39,KBYG,large,right,large,left
AssetMarker,967240896,5.1371601702147794e-42,0.6590399742126465,0.019846776500344276,0.0009503969922661781,-18734,1.6746035129113364e-39,6,0,2,39,KBYG,large,right,large,left
AssetMarker,52,5.13435757328613e-42,0.6491207480430603,0.05171012505888939,0.024582011625170708,17786,1.6746161245975153e-39,6,0,2,39,KBYG,large,right,large,left
AssetMarker,967046041,5.1371601702147794e-42,0.6590316295623779,0.01984436623752117,0.0009637514012865722,-17722,1.6746035129113364e-39,6,0,2,39,KBYG,large,right,large,left
AssetMarker,52,5.13435757328613e-42,0.649110734462738,0.05170634761452675,0.024574240669608116,18138,1.6746161245975153e-39,6,0,2,39,KBYG,large,right,large,left
AssetMarker,967047606,5.1371601702147794e-42,0.659038782119751,0.019841279834508896,0.000957184936851263,-16718,1.6746035129113364e-39,6,0,2,39,KBYG,large,right,large,left
AssetMarker,52,5.13435757328613e-42,0.6491010785102844,0.051706235855817795,0.024565720930695534,18594,1.6746161245975153e-39,6,0,2,39,KBYG,large,right,large,left
AssetMarker,967107506,5.1371601702147794e-42,0.6590255498886108,0.01985432393848896,0.0009783105924725533,-15579,1.6746035129113364e-39,6,0,2,39,KBYG,large,right,large,left
AssetMarker,52,5.13435757328613e-42,0.6490939259529114,0.051702745258808136,0.024563567712903023,18991,1.6746161245975153e-39,6,0,2,39,KBYG,large,right,large,left
AssetMarker,967148617,5.1371601702147794e-42,0.6590302586555481,0.0198550745844841,0.000975758011918515,-14450,1.6746035129113364e-39,6,0,2,39,KBYG,large,right,large,left
AssetMarker,52,5.13435757328613e-42,0.6490908861160278,0.05170673877000809,0.024563241750001907,19553,1.6746161245975153e-39,6,0,2,39,KBYG,large,right,large,left
AssetMarker,967331444,5.1371601702147794e-42,0.6590433716773987,0.01979101076722145,0.0009799888357520103,-13866,1.6746035129113364e-39,6,0,2,39,KBYG,large,right,large,left
AssetMarker,52,5.13435757328613e-42,0.6490936279296875,0.05171039700508118,0.024564046412706375,20112,1.6746161245975153e-39,6,0,2,39,KBYG,large,right,large,left
AssetMarker,967325790,5.1371601702147794e-42,0.659050464630127,0.019788993522524834,0.0009827128378674388,-13287,1.6746035129113364e-39,6,0,2,39,KBYG,large,right,large,left
AssetMarker,52,5.13435757328613e-42,0.649100661277771,0.05171017721295357,0.024560274556279182,20666,1.6746161245975153e-39,6,0,2,39,KBYG,large,right,large,left
AssetMarker,967194595,5.1371601702147794e-42,0.6590312123298645,0.019838133826851845,0.0009727319120429456,-12320,1.6746035129113364e-39,6,0,2,39,KBYG,large,right,large,left
AssetMarker,52,5.13435757328613e-42,0.6491038203239441,0.05170902609825134,0.0245651938021183,21219,1.6746161245975153e-39,6,0,2,39,KBYG,large,right,large,left
AssetMarker,967136950,5.1371601702147794e-42,0.6590410470962524,0.01984303817152977,0.000972317298874259,-11362,1.6746035129113364e-39,6,0,2,39,KBYG,large,right,large,left
AssetMarker,52,5.13435757328613e-42,0.6491062045097351,0.05171402916312218,0.02457042597234249,21767,1.6746161245975153e-39,6,0,2,39,KBYG,large,right,large,left
AssetMarker,967128112,5.1371601702147794e-42,0.6590468883514404,0.019865281879901886,0.0009803889552131295,-10272,1.6746035129113364e-39,6,0,2,39,KBYG,large,right,large,left
AssetMarker,52,5.13435757328613e-42,0.6490994095802307,0.051718272268772125,0.024579564109444618,22217,1.6746161245975153e-39,6,0,2,39,KBYG,large,right,large,left
AssetMarker,967307749,5.1371601702147794e-42,0.6590390205383301,0.01985173672437668,0.000970173510722816,-9568,1.6746035129113364e-39,6,0,2,39,KBYG,large,right,large,left
AssetMarker,52,5.13435757328613e-42,0.6490944623947144,0.05171342194080353,0.02457415871322155,22663,1.6746161245975153e-39,6,0,2,39,KBYG,large,right,large,left
AssetMarker,967353290,5.1371601702147794e-42,0.6590451002120972,0.019872058182954788,0.0009720686939544976,-8731,1.6746035129113364e-39,6,0,2,39,KBYG,large,right,large,left
AssetMarker,52,5.13435757328613e-42,0.6490858197212219,0.051713235676288605,0.02457854337990284,23107,1.6746161245975153e-39,6,0,2,39,KBYG,large,right,large,left
AssetMarker,967010862,5.1371601702147794e-42,0.6590434908866882,0.019854793325066566,0.000965061888564378,-8039,1.6746035129113364e-39,6,0,2,39,KBYG,large,right,large,left
AssetMarker,52,5.13435757328613e-42,0.6490766406059265,0.05171680077910423,0.024576792493462563,23643,1.6746161245975153e-39,6,0,2,39,KBYG,large,right,large,left
AssetMarker,967033160,5.1371601702147794e-42,0.6590298414230347,0.01988159865140915,0.0009648504201322794,-6978,1.6746035129113364e-39,6,0,2,39,KBYG,large,right,large,left
AssetMarker,52,5.13435757328613e-42,0.6490681171417236,0.05171810835599899,0.024585584178566933,24081,1.6746161245975153e-39,6,0,2,39,KBYG,large,right,large,left
AssetMarker,967233869,5.1371601702147794e-42,0.6590145230293274,0.01987503096461296,0.000968705106060952,-5926,1.6746035129113364e-39,6,0,2,39,KBYG,large,right,large,left
AssetMarker,52,5.13435757328613e-42,0.6490659117698669,0.05171404406428337,0.02458011731505394,24611,1.6746161245975153e-39,6,0,2,39,KBYG,large,right,large,left
AssetMarker,967271670,5.1371601702147794e-42,0.6590186953544617,0.019856655970215797,0.0009631296852603555,-4881,1.6746035129113364e-39,6,0,2,39,KBYG,large,right,large,left
AssetMarker,52,5.13435757328613e-42,0.6490567326545715,0.05170722305774689,0.024575525894761085,24970,1.6746161245975153e-39,6,0,2,39,KBYG,large,right,large,left
AssetMarker,967172332,5.1371601702147794e-42,0.6590129733085632,0.01985812559723854,0.0009644845267757773,-3844,1.6746035129113364e-39,6,0,2,39,KBYG,large,right,large,left
AssetMarker,52,5.13435757328613e-42,0.6490565538406372,0.05170440301299095,0.02457130141556263,25497,1.6746161245975153e-39,6,0,2,39,KBYG,large,right,large,left
AssetMarker,967145808,5.1371601702147794e-42,0.6590416431427002,0.019784390926361084,0.0009584940271452069,-3560,1.6746035129113364e-39,6,0,2,39,KBYG,large,right,large,left
AssetMarker,52,5.13435757328613e-42,0.6490453481674194,0.05169761925935745,0.02457127906382084,25851,1.6746161245975153e-39,6,0,2,39,KBYG,large,right,large,left
AssetMarker,967297733,5.1371601702147794e-42,0.6590442657470703,0.01978246122598648,0.0009754635393619537,-3279,1.6746035129113364e-39,6,0,2,39,KBYG,large,right,large,left
AssetMarker,52,5.13435757328613e-42,0.6490366458892822,0.05169714242219925,0.024577679112553596,26276,1.6746161245975153e-39,6,0,2,39,KBYG,large,right,large,left
AssetMarker,967365193,5.1371601702147794e-42,0.6590323448181152,0.01978038251399994,0.0009783837012946606,-2866,1.6746035129113364e-39,6,0,2,39,KBYG,large,right,large,left
AssetMarker,52,5.13435757328613e-42,0.6490221619606018,0.05168836563825607,0.024576958268880844,26927,1.6746161245975153e-39,6,0,2,39,KBYG,large,right,large,left
AssetMarker,967388394,5.1371601702147794e-42,0.6590268611907959,0.019800681620836258,0.0009661117801442742,-2170,1.6746035129113364e-39,6,0,2,39,KBYG,large,right,large,left
AssetMarker,52,5.13435757328613e-42,0.6490203142166138,0.051691364496946335,0.024576345458626747,27346,1.6746161245975153e-39,6,0,2,39,KBYG,large,right,large,left
AssetMarker,967241717,5.1371601702147794e-42,0.6590258479118347,0.01980922371149063,0.000974728143773973,-1480,1.6746035129113364e-39,6,0,2,39,KBYG,large,right,large,left
AssetMarker,52,5.13435757328613e-42,0.6490165591239929,0.05169112980365753,0.024578198790550232,27727,1.6746161245975153e-39,6,0,2,39,KBYG,large,right,large,left
AssetMarker,967119138,5.1371601702147794e-42,0.659042477607727,0.019764896482229233,0.0009796004742383957,-982,1.6746035129113364e-39,6,0,2,39,KBYG,large,right,large,left
AssetMarker,52,5.13435757328613e-42,0.6490171551704407,0.05169329047203064,0.024570781737565994,28274,1.6746161245975153e-39,6,0,2,39,KBYG,large,right,large,left
AssetMarker,967419249,5.1371601702147794e-42,0.6590433716773987,0.019758785143494606,0.0009755775099620223,-488,1.6746035129113364e-39,6,0,2,39,KBYG,large,right,large,left
AssetMarker,52,5.13435757328613e-42,0.6490232348442078,0.05169349163770676,0.024573808535933495,28650,1.6746161245975153e-39,6,0,2,39,KBYG,large,right,large,left
AssetMarker,967376109,5.1371601702147794e-42,0.6590501666069031,0.019769903272390366,0.0009808845352381468,2,1.6746049142098007e-39,6,0,2,39,KBYG,large,right,large,left
AssetMarker,52,5.13435757328613e-42,0.6490275263786316,0.0516953282058239,0.024570491164922714,29287,1.6746161245975153e-39,6,0,2,39,KBYG,large,right,large,left
AssetMarker,967316414,5.1371601702147794e-42,0.6590465307235718,0.019764278084039688,0.000989244319498539,490,1.6746049142098007e-39,6,0,2,39,KBYG,large,right,large,left
AssetMarker,52,5.13435757328613e-42,0.6490306258201599,0.051692526787519455,0.024575842544436455,29920,1.6746161245975153e-39,6,0,2,39,KBYG,large,right,large,left
AssetMarker,967280846,5.1371601702147794e-42,0.6590452194213867,0.019768713042140007,0.0009976529981940985,974,1.6746049142098007e-39,6,0,2,39,KBYG,large,right,large,left
AssetMarker,52,5.13435757328613e-42,0.6490266919136047,0.0516909658908844,0.024584857746958733,30454,1.6746161245975153e-39,6,0,2,39,KBYG,large,right,large,left
AssetMarker,967363075,5.1371601702147794e-42,0.6590467691421509,0.019772449508309364,0.0010085689136758447,1454,1.6746049142098007e-39,6,0,2,39,KBYG,large,right,large,left
AssetMarker,52,5.13435757328613e-42,0.6490193605422974,0.051692262291908264,0.024589842185378075,31079,1.6746161245975153e-39,6,0,2,39,KBYG,large,right,large,left
AssetMarker,967505536,5.1371601702147794e-42,0.6590372920036316,0.019790375605225563,0.0010296589462086558,2059,1.6746049142098007e-39,6,0,2,39,KBYG,large,right,large,left
AssetMarker,52,5.13435757328613e-42,0.6490075588226318,0.05169238895177841,0.02459055557847023,31702,1.6746161245975153e-39,6,0,2,39,KBYG,large,right,large,left
AssetMarker,967496281,5.1371601702147794e-42,0.6590281128883362,0.019767042249441147,0.0010164959821850061,2532,1.6746049142098007e-39,6,0,2,39,KBYG,large,right,large,left
AssetMarker,52,5.13435757328613e-42,0.6489902138710022,0.051683828234672546,0.0245857834815979,32152,1.6746161245975153e-39,6,0,2,39,KBYG,large,right,large,left
AssetMarker,967258419,5.1371601702147794e-42,0.6590428352355957,0.019759906455874443,0.0010318886488676071,2779,1.6746049142098007e-39,6,0,2,39,KBYG,large,right,large,left
AssetMarker,52,5.13435757328613e-42,0.6489747762680054,0.0516791045665741,0.02458673156797886,32504,1.6746161245975153e-39,6,0,2,39,KBYG,large,right,large,left
AssetMarker,967170960,5.1371601702147794e-42,0.6590467095375061,0.019753282889723778,0.0010332445381209254,3024,1.6746049142098007e-39,6,0,2,39,KBYG,large,right,large,left
AssetMarker,52,5.13435757328613e-42,0.6489715576171875,0.05167447030544281,0.024584565311670303,-32417,1.6746161245975153e-39,6,0,2,39,KBYG,large,right,large,left
AssetMarker,967419752,5.1371601702147794e-42,0.6590544581413269,0.019741414114832878,0.0010384174529463053,3488,1.6746049142098007e-39,6,0,2,39,KBYG,large,right,large,left
AssetMarker,52,5.13435757328613e-42,0.6489683985710144,0.05166655406355858,0.024571184068918228,-31974,1.6746161245975153e-39,6,0,2,39,KBYG,large,right,large,left
AssetMarker,967431312,5.1371601702147794e-42,0.6590492129325867,0.01972423680126667,0.0010371626121923327,3948,1.6746049142098007e-39,6,0,2,39,KBYG,large,right,large,left
AssetMarker,52,5.13435757328613e-42,0.6489753723144531,0.05166904628276825,0.024548854678869247,-31534,1.6746161245975153e-39,6,0,2,39,KBYG,large,right,large,left
AssetMarker,967429927,5.1371601702147794e-42,0.6590505242347717,0.01972046121954918,0.0010387352667748928,4405,1.6746049142098007e-39,6,0,2,39,KBYG,large,right,large,left
AssetMarker,52,5.13435757328613e-42,0.6489850282669067,0.05166560783982277,0.024532290175557136,-30929,1.6746161245975153e-39,6,0,2,39,KBYG,large,right,large,left
AssetMarker,967182404,5.1371601702147794e-42,0.6590607762336731,0.019720688462257385,0.001034569344483316,4859,1.6746049142098007e-39,6,0,2,39,KBYG,large,right,large,left
AssetMarker,52,5.13435757328613e-42,0.649000883102417,0.05167493224143982,0.024522460997104645,-30327,1.6746161245975153e-39,6,0,2,39,KBYG,large,right,large,left
AssetMarker,967263851,5.1371601702147794e-42,0.6590632796287537,0.019722705706954002,0.0010380966123193502,5310,1.6746049142098007e-39,6,0,2,39,KBYG,large,right,large,left
AssetMarker,52,5.13435757328613e-42,0.6490105986595154,0.051673851907253265,0.02451920695602894,-29861,1.6746161245975153e-39,6,0,2,39,KBYG,large,right,large,left
AssetMarker,967320464,5.1371601702147794e-42,0.6590607166290283,0.019710205495357513,0.0010270614875480533,5757,1.6746049142098007e-39,6,0,2,39,KBYG,large,right,large,left
AssetMarker,52,5.13435757328613e-42,0.6490193009376526,0.05168088898062706,0.024507969617843628,-29398,1.6746161245975153e-39,6,0,2,39,KBYG,large,right,large,left
AssetMarker,967393512,5.1371601702147794e-42,0.6590501070022583,0.019717875868082046,0.0010181396501138806,6202,1.6746049142098007e-39,6,0,2,39,KBYG,large,right,large,left
AssetMarker,52,5.13435757328613e-42,0.6490136384963989,0.05167912319302559,0.024508733302354813,-28937,1.6746161245975153e-39,6,0,2,39,KBYG,large,right,large,left
AssetMarker,967156010,5.1371601702147794e-42,0.659042477607727,0.019716642796993256,0.0010124929249286652,6643,1.6746049142098007e-39,6,0,2,39,KBYG,large,right,large,left
AssetMarker,52,5.13435757328613e-42,0.6490232348442078,0.05168328806757927,0.024509763345122337,-28346,1.6746161245975153e-39,6,0,2,39,KBYG,large,right,large,left
AssetMarker,967198206,5.1371601702147794e-42,0.6590266227722168,0.019718503579497337,0.001004570978693664,7082,1.6746049142098007e-39,6,0,2,39,KBYG,large,right,large,left
AssetMarker,52,5.13435757328613e-42,0.649025559425354,0.05169308930635452,0.024513831362128258,-27891,1.6746161245975153e-39,6,0,2,39,KBYG,large,right,large,left
AssetMarker,967376252,5.1371601702147794e-42,0.6590166687965393,0.019710106775164604,0.001006730948574841,7519,1.6746049142098007e-39,6,0,2,39,KBYG,large,right,large,left
AssetMarker,52,5.13435757328613e-42,0.6490234136581421,0.05169205367565155,0.024528609588742256,-27441,1.6746161245975153e-39,6,0,2,39,KBYG,large,right,large,left
AssetMarker,967166722,5.1371601702147794e-42,0.6590110659599304,0.019715558737516403,0.0010034237056970596,7952,1.6746049142098007e-39,6,0,2,39,KBYG,large,right,large,left
AssetMarker,52,5.13435757328613e-42,0.6490327715873718,0.05169501155614853,0.024523599073290825,-26992,1.6746161245975153e-39,6,0,2,39,KBYG,large,right,large,left
AssetMarker,967040585,5.1371601702147794e-42,0.659004807472229,0.01971818506717682,0.0010025775991380215,8382,1.6746049142098007e-39,6,0,2,39,KBYG,large,right,large,left
AssetMarker,52,5.13435757328613e-42,0.6490427851676941,0.051698870956897736,0.024517765268683433,-26547,1.6746161245975153e-39,6,0,2,39,KBYG,large,right,large,left
AssetMarker,967195897,5.1371601702147794e-42,0.659002959728241,0.019721772521734238,0.0010035511804744601,8809,1.6746049142098007e-39,6,0,2,39,KBYG,large,right,large,left
AssetMarker,52,5.13435757328613e-42,0.6490522027015686,0.05170762538909912,0.024520572274923325,-26103,1.6746161245975153e-39,6,0,2,39,KBYG,large,right,large,left
AssetMarker,967136672,5.1371601702147794e-42,0.6589859127998352,0.01972866803407669,0.0010055121965706348,9233,1.6746049142098007e-39,6,0,2,39,KBYG,large,right,large,left
AssetMarker,52,5.13435757328613e-42,0.6490580439567566,0.051708679646253586,0.024528704583644867,-25664,1.6746161245975153e-39,6,0,2,39,KBYG,large,right,large,left
AssetMarker,967327565,5.1371601702147794e-42,0.6589821577072144,0.019725371152162552,0.001005306257866323,9654,1.6746049142098007e-39,6,0,2,39,KBYG,large,right,large,left
AssetMarker,52,5.13435757328613e-42,0.6490702033042908,0.05171423405408859,0.02453029341995716,-25226,1.6746161245975153e-39,6,0,2,39,KBYG,large,right,large,left
AssetMarker,967389266,5.1371601702147794e-42,0.6589845418930054,0.019721992313861847,0.0010120057268068194,10072,1.6746049142098007e-39,6,0,2,39,KBYG,large,right,large,left
AssetMarker,52,5.13435757328613e-42,0.6490826606750488,0.051708150655031204,0.02452283352613449,-24792,1.6746161245975153e-39,6,0,2,39,KBYG,large,right,large,left
AssetMarker,967170687,5.1371601702147794e-42,0.6589827537536621,0.019712334498763084,0.0010005499934777617,10488,1.6746049142098007e-39,6,0,2,39,KBYG,large,right,large,left
AssetMarker,52,5.13435757328613e-42,0.6490949988365173,0.05171124264597893,0.024499088525772095,-24359,1.6746161245975153e-39,6,0,2,39,KBYG,large,right,large,left
AssetMarker,967140298,5.1371601702147794e-42,0.6589874625205994,0.01970835216343403,0.0010007537202909589,10693,1.6746049142098007e-39,6,0,2,39,KBYG,large,right,large,left
AssetMarker,52,5.13435757328613e-42,0.6491028070449829,0.05171964317560196,0.024487260729074478,-23928,1.6746161245975153e-39,6,0,2,39,KBYG,large,right,large,left
AssetMarker,967022784,5.1371601702147794e-42,0.658991277217865,0.019696565344929695,0.0009981594048440456,10897,1.6746049142098007e-39,6,0,2,39,KBYG,large,right,large,left
AssetMarker,52,5.13435757328613e-42,0.6491108536720276,0.05172019824385643,0.024455633014440536,-23502,1.6746161245975153e-39,6,0,2,39,KBYG,large,right,large,left
AssetMarker,967263784,5.1371601702147794e-42,0.6589859127998352,0.019684312865138054,0.0009970816317945719,11100,1.6746049142098007e-39,6,0,2,39,KBYG,large,right,large,left
AssetMarker,52,5.13435757328613e-42,0.6491220593452454,0.0517178438603878,0.024436796084046364,-23076,1.6746161245975153e-39,6,0,2,39,KBYG,large,right,large,left
AssetMarker,967081432,5.1371601702147794e-42,0.6589697003364563,0.019665678963065147,0.000985979801043868,11507,1.6746049142098007e-39,6,0,2,39,KBYG,large,right,large,left
AssetMarker,52,5.13435757328613e-42,0.6491293907165527,0.05171911418437958,0.024410564452409744,-22654,1.6746161245975153e-39,6,0,2,39,KBYG,large,right,large,left
AssetMarker,966960193,5.1371601702147794e-42,0.65897136926651,0.019665297120809555,0.0009800083935260773,11911,1.6746049142098007e-39,6,0,2,39,KBYG,large,right,large,left
AssetMarker,52,5.13435757328613e-42,0.6491304039955139,0.051727186888456345,0.02439112402498722,-22234,1.6746161245975153e-39,6,0,2,39,KBYG,large,right,large,left
AssetMarker,966933498,5.1371601702147794e-42,0.6589676737785339,0.019672151654958725,0.0009808656759560108,12314,1.6746049142098007e-39,6,0,2,39,KBYG,large,right,large,left
AssetMarker,52,5.13435757328613e-42,0.6491321921348572,0.05172306299209595,0.02437812089920044,-21910,1.6746161245975153e-39,6,0,2,39,KBYG,large,right,large,left
AssetMarker,967167711,5.1371601702147794e-42,0.6589946150779724,0.019679177552461624,0.0009792743949219584,12713,1.6746049142098007e-39,6,0,2,39,KBYG,large,right,large,left
AssetMarker,52,5.13435757328613e-42,0.6491361856460571,0.051729898899793625,0.02435535378754139,-21589,1.6746161245975153e-39,6,0,2,39,KBYG,large,right,large,left
AssetMarker,967055156,5.1371601702147794e-42,0.6590057015419006,0.01967729441821575,0.0009601484634913504,13109,1.6746049142098007e-39,6,0,2,39,KBYG,large,right,large,left
AssetMarker,52,5.13435757328613e-42,0.6491273045539856,0.05173298716545105,0.024324649944901466,-21270,1.6746161245975153e-39,6,0,2,39,KBYG,large,right,large,left
AssetMarker,967001972,5.1371601702147794e-42,0.6589978337287903,0.01965859718620777,0.0009685179684311151,13503,1.6746049142098007e-39,6,0,2,39,KBYG,large,right,large,left
AssetMarker,52,5.13435757328613e-42,0.649127721786499,0.05173732712864876,0.024299755692481995,-21062,1.6746161245975153e-39,6,0,2,39,KBYG,large,right,large,left
AssetMarker,966773005,5.1371601702147794e-42,0.6590050458908081,0.019647954031825066,0.0009613988804630935,13894,1.6746049142098007e-39,6,0,2,39,KBYG,large,right,large,left
AssetMarker,52,5.13435757328613e-42,0.6491162180900574,0.05174300819635391,0.024291137233376503,-20856,1.6746161245975153e-39,6,0,2,39,KBYG,large,right,large,left
AssetMarker,967022931,5.1371601702147794e-42,0.658993661403656,0.019633715972304344,0.0009675922337919474,14082,1.6746049142098007e-39,6,0,2,39,KBYG,large,right,large,left
AssetMarker,52,5.13435757328613e-42,0.649080216884613,0.05176667124032974,0.02426489256322384,-20823,1.6746161245975153e-39,6,0,2,39,KBYG,large,right,large,left
AssetMarker,966937615,5.1371601702147794e-42,0.6589844822883606,0.019626136869192123,0.0009755998034961522,14469,1.6746049142098007e-39,6,0,2,39,KBYG,large,right,large,left
AssetMarker,52,5.13435757328613e-42,0.6490444540977478,0.051790982484817505,0.024277644231915474,-20680,1.6746161245975153e-39,6,0,2,39,KBYG,large,right,large,left
AssetMarker,966733804,5.1371601702147794e-42,0.6589553952217102,0.01962537132203579,0.0009655457688495517,14854,1.6746049142098007e-39,6,0,2,39,KBYG,large,right,large,left
AssetMarker,52,5.13435757328613e-42,0.6490203142166138,0.051822636276483536,0.02429087460041046,-20443,1.6746161245975153e-39,6,0,2,39,KBYG,large,right,large,left
AssetMarker,966847366,5.1371601702147794e-42,0.6588923931121826,0.019652804359793663,0.000926766253542155,15038,1.6746049142098007e-39,6,0,2,39,KBYG,large,right,large,left
AssetMarker,52,5.13435757328613e-42,0.6489898562431335,0.05188486725091934,0.024328572675585747,-20378,1.6746161245975153e-39,6,0,2,39,KBYG,large,right,large,left
AssetMarker,966696348,5.1371601702147794e-42,0.6587736010551453,0.01969788782298565,0.0008280888432636857,15304,1.6746049142098007e-39,6,0,2,39,KBYG,large,right,large,left
AssetMarker,52,5.13435757328613e-42,0.6489812135696411,0.05197455361485481,0.024340063333511352,-20444,1.6746161245975153e-39,6,0,2,39,KBYG,large,right,large,left
AssetMarker,966858054,5.1371601702147794e-42,0.6584627032279968,0.019826870411634445,0.0005836428026668727,15650,1.6746049142098007e-39,6,0,2,39,KBYG,large,right,large,left
AssetMarker,52,5.13435757328613e-42,0.6490073800086975,0.05211467295885086,0.024338003247976303,-20489,1.6746161245975153e-39,6,0,2,39,KBYG,large,right,large,left
AssetMarker,966954980,5.1371601702147794e-42,0.6582805514335632,0.020143279805779457,0.00033249545958824456,15584,1.6746049142098007e-39,6,0,2,39,KBYG,large,right,large,left
AssetMarker,52,5.13435757328613e-42,0.6490142941474915,0.052405375987291336,0.02435455285012722,-20346,1.6746161245975153e-39,6,0,2,39,KBYG,large,right,large,left
AssetMarker,966510518,5.1371601702147794e-42,0.6579981446266174,0.020485838875174522,-6.45826366962865e-5,15995,1.6746049142098007e-39,6,0,2,39,KBYG,large,right,large,left
AssetMarker,52,5.13435757328613e-42,0.6488749384880066,0.053294867277145386,0.024485046043992042,-19728,1.6746161245975153e-39,6,0,2,39,KBYG,large,right,large,left
AssetMarker,966850959,5.1371601702147794e-42,0.6578035354614258,0.02156338468194008,-0.0004920072387903929,16172,1.6746049142098007e-39,6,0,2,39,KBYG,large,right,large,left
AssetMarker,52,5.13435757328613e-42,0.6486455202102661,0.05491555482149124,0.02453736588358879,-19611,1.6746161245975153e-39,6,0,2,39,KBYG,large,right,large,left
AssetMarker,968352036,5.1371601702147794e-42,0.657751739025116,0.023429442197084427,-0.000802072521764785,16445,1.6746049142098007e-39,6,0,2,39,KBYG,large,right,large,left
AssetMarker,52,5.13435757328613e-42,0.6480777263641357,0.05707306042313576,0.02517658658325672,-19422,1.6746161245975153e-39,6,0,2,39,KBYG,large,right,large,left
AssetMarker,966517741,5.1371601702147794e-42,0.6573520302772522,0.02601000852882862,-0.0008307009702548385,17010,1.6746049142098007e-39,6,0,2,39,KBYG,large,right,large,left
AssetMarker,52,5.13435757328613e-42,0.6472795605659485,0.059428319334983826,0.026113033294677734,-19154,1.6746161245975153e-39,6,0,2,39,KBYG,large,right,large,left
AssetMarker,966200058,5.1371601702147794e-42,0.656766414642334,0.029027696698904037,-0.00047029060078784823,17034,1.6746049142098007e-39,6,0,2,39,KBYG,large,right,large,left
AssetMarker,52,5.13435757328613e-42,0.6463660597801208,0.06279847770929337,0.026616171002388,-18603,1.6746161245975153e-39,6,0,2,39,KBYG,large,right,large,left
AssetMarker,966486652,5.1371601702147794e-42,0.6559606194496155,0.03238667547702789,0.00012371697812341154,17731,1.6746049142098007e-39,6,0,2,39,KBYG,large,right,large,left
AssetMarker,52,5.13435757328613e-42,0.6449431777000427,0.06682205200195312,0.027539202943444252,-18264,1.6746161245975153e-39,6,0,2,39,KBYG,large,right,large,left
AssetMarker,964889535,5.1371601702147794e-42,0.6547600030899048,0.03646024316549301,0.0011613527312874794,18502,1.6746049142098007e-39,6,0,2,39,KBYG,large,right,large,left
AssetMarker,52,5.13435757328613e-42,0.6430646777153015,0.07132582366466522,0.029094556346535683,-17937,1.6746161245975153e-39,6,0,2,39,KBYG,large,right,large,left
AssetMarker,961033843,5.1371601702147794e-42,0.6532672643661499,0.0412534736096859,0.0028764852322638035,18850,1.6746049142098007e-39,6,0,2,39,KBYG,large,right,large,left
AssetMarker,52,5.13435757328613e-42,0.640771210193634,0.07606480270624161,0.031106187030673027,-17180,1.6746161245975153e-39,6,0,2,39,KBYG,large,right,large,left
AssetMarker,962397966,5.1371601702147794e-42,0.651572585105896,0.04641049727797508,0.00515922624617815,19565,1.6746049142098007e-39,6,0,2,39,KBYG,large,right,large,left
AssetMarker,52,5.13435757328613e-42,0.6380494832992554,0.0812147855758667,0.033671922981739044,-17169,1.6746161245975153e-39,6,0,2,39,KBYG,large,right,large,left
AssetMarker,964233285,5.1371601702147794e-42,0.6494668126106262,0.05195574462413788,0.008127073757350445,20483,1.6746049142098007e-39,6,0,2,39,KBYG,large,right,large,left
AssetMarker,52,5.13435757328613e-42,0.6350719928741455,0.08657385408878326,0.03690656274557114,-16529,1.6746161245975153e-39,6,0,2,39,KBYG,large,right,large,left
AssetMarker,965788209,5.1371601702147794e-42,0.6471421122550964,0.057930201292037964,0.011841729283332825,21298,1.6746049142098007e-39,6,0,2,39,KBYG,large,right,large,left
AssetMarker,52,5.13435757328613e-42,0.6316071152687073,0.09209627658128738,0.04094552993774414,-15908,1.6746161245975153e-39,6,0,2,39,KBYG,large,right,large,left
AssetMarker,964866988,5.1371601702147794e-42,0.6444011330604553,0.0640634149312973,0.016298947855830193,21864,1.6746049142098007e-39,6,0,2,39,KBYG,large,right,large,left
AssetMarker,52,5.13435757328613e-42,0.6276950240135193,0.09794260561466217,0.045803096145391464,-15516,1.6746161245975153e-39,6,0,2,39,KBYG,large,right,large,left
AssetMarker,961999460,5.1371601702147794e-42,0.6413282155990601,0.07046366482973099,0.02149270661175251,22631,1.6746049142098007e-39,6,0,2,39,KBYG,large,right,large,left
AssetMarker,52,5.13435757328613e-42,0.6232808828353882,0.10395481437444687,0.05148039758205414,-14824,1.6746161245975153e-39,6,0,2,39,KBYG,large,right,large,left
AssetMarker,961204580,5.1371601702147794e-42,0.6377716660499573,0.0769142284989357,0.027611562982201576,23188,1.6746049142098007e-39,6,0,2,39,KBYG,large,right,large,left
AssetMarker,52,5.13435757328613e-42,0.6184795498847961,0.11005913466215134,0.05772584304213524,-14340,1.6746161245975153e-39,6,0,2,39,KBYG,large,right,large,left
AssetMarker,964824734,5.1371601702147794e-42,0.6338034868240356,0.08360869437456131,0.03451140224933624,24075,1.6746049142098007e-39,6,0,2,39,KBYG,large,right,large,left
AssetMarker,52,5.13435757328613e-42,0.613409161567688,0.11613032966852188,0.06482089310884476,-14202,1.6746161245975153e-39,6,0,2,39,KBYG,large,right,large,left
AssetMarker,962902518,5.1371601702147794e-42,0.6294683814048767,0.09021493047475815,0.04209423065185547,25109,1.6746049142098007e-39,6,0,2,39,KBYG,large,right,large,left
AssetMarker,52,5.13435757328613e-42,0.6080250144004822,0.12215421348810196,0.07252917438745499,-13521,1.6746161245975153e-39,6,0,2,39,KBYG,large,right,large,left
AssetMarker,962026951,5.1371601702147794e-42,0.6248684525489807,0.09674271196126938,0.05023832619190216,26352,1.6746049142098007e-39,6,0,2,39,KBYG,large,right,large,left
AssetMarker,52,5.13435757328613e-42,0.6023604869842529,0.12802757322788238,0.08090139180421829,-13252,1.6746161245975153e-39,6,0,2,39,KBYG,large,right,large,left
AssetMarker,961506327,5.1371601702147794e-42,0.6201798319816589,0.10317901521921158,0.058924127370119095,27562,1.6746049142098007e-39,6,0,2,39,KBYG,large,right,large,left
AssetMarker,52,5.13435757328613e-42,0.596435546875,0.1337362676858902,0.09003924578428268,-12692,1.6746161245975153e-39,6,0,2,39,KBYG,large,right,large,left
AssetMarker,961276588,5.1371601702147794e-42,0.61532062292099,0.10908292979001999,0.06824447959661484,22511,1.6746049142098007e-39,6,0,2,39,KBYG,large,right,large,left
AssetMarker,52,5.13435757328613e-42,0.5904145240783691,0.13894793391227722,0.0998622477054596,-12050,1.6746161245975153e-39,6,0,2,39,KBYG,large,right,large,left
AssetMarker,961694069,5.1371601702147794e-42,0.610045313835144,0.11476055532693863,0.07802409678697586,18603,1.6746049142098007e-39,6,0,2,39,KBYG,large,right,large,left
AssetMarker,52,5.13435757328613e-42,0.5839678049087524,0.1437261551618576,0.11043070256710052,-11342,1.6746161245975153e-39,6,0,2,39,KBYG,large,right,large,left
AssetMarker,957428054,5.1371601702147794e-42,0.6049190759658813,0.11992566287517548,0.08826242387294769,15596,1.6746049142098007e-39,6,0,2,39,KBYG,large,right,large,left
AssetMarker,52,5.13435757328613e-42,0.577370822429657,0.14804597198963165,0.1218051090836525,-10980,1.6746161245975153e-39,6,0,2,39,KBYG,large,right,large,left
AssetMarker,959764496,5.1371601702147794e-42,0.5998844504356384,0.12450461834669113,0.09907786548137665,13603,1.6746049142098007e-39,6,0,2,39,KBYG,large,right,large,left
AssetMarker,52,5.13435757328613e-42,0.5705958604812622,0.15172189474105835,0.13412609696388245,-10920,1.6746161245975153e-39,6,0,2,39,KBYG,large,right,large,left
AssetMarker,956554473,5.1371601702147794e-42,0.594828724861145,0.1281431019306183,0.10991545021533966,12052,1.6746049142098007e-39,6,0,2,39,KBYG,large,right,large,left
AssetMarker,52,5.13435757328613e-42,0.563432514667511,0.15498368442058563,0.14711377024650574,-10452,1.6746161245975153e-39,6,0,2,39,KBYG,large,right,large,left
AssetMarker,960846083,5.1371601702147794e-42,0.5901767611503601,0.13112391531467438,0.12103133648633957,9868,1.6746049142098007e-39,6,0,2,39,KBYG,large,right,large,left
AssetMarker,52,5.13435757328613e-42,0.5563260316848755,0.15773609280586243,0.1605733036994934,-9907,1.6746161245975153e-39,6,0,2,39,KBYG,large,right,large,left
AssetMarker,961398991,5.1371601702147794e-42,0.5858114361763,0.13355477154254913,0.1324540674686432,8214,1.6746049142098007e-39,6,0,2,39,KBYG,large,right,large,left
AssetMarker,52,5.13435757328613e-42,0.5490860342979431,0.1600111871957779,0.17453983426094055,-8989,1.6746161245975153e-39,6,0,2,39,KBYG,large,right,large,left
AssetMarker,958913398,5.1371601702147794e-42,0.5818517804145813,0.1353779137134552,0.14397266507148743,6074,1.6746049142098007e-39,6,0,2,39,KBYG,large,right,large,left
AssetMarker,78,5.13435757328613e-42,0.5421671867370605,0.16163279116153717,0.1888810247182846,-8708,1.6746161245975153e-39,6,0,2,39,KBYG,large,right,large,left
AssetMarker,962457029,5.1371601702147794e-42,0.5783188939094543,0.13636749982833862,0.1554044634103775,3950,1.6746049142098007e-39,6,0,2,39,KBYG,large,right,large,left
AssetMarker,966137501,5.138561468679104e-42,0.5351070165634155,0.16148488223552704,0.09696665406227112,14203,1.674515231108084e-39,6,0,2,39,KBYG,large,right,large,left
AssetMarker,78,5.13435757328613e-42,0.5353410840034485,0.16245543956756592,0.2034580409526825,-7518,1.6746161245975153e-39,6,0,2,39,KBYG,large,right,large,left
AssetMarker,964140412,5.1371601702147794e-42,0.5753964781761169,0.13651295006275177,0.16677410900592804,1183,1.6746049142098007e-39,6,0,2,39,KBYG,large,right,large,left
AssetMarker,966440838,5.138561468679104e-42,0.5316565632820129,0.1624506562948227,0.11006096005439758,-7633,1.6745362505850488e-39,6,0,2,39,KBYG,large,right,large,left
AssetMarker,78,5.13435757328613e-42,0.5287631154060364,0.16250184178352356,0.21807600557804108,-6841,1.6746161245975153e-39,6,0,2,39,KBYG,large,right,large,left
AssetMarker,965675606,5.1371601702147794e-42,0.5728863477706909,0.13578766584396362,0.17802129685878754,-1850,1.6746035129113364e-39,6,0,2,39,KBYG,large,right,large,left
AssetMarker,967374452,5.138561468679104e-42,0.5284982323646545,0.16286776959896088,0.12293592840433121,-31412,1.6745572700620137e-39,6,0,2,39,KBYG,large,right,large,left
AssetMarker,78,5.13435757328613e-42,0.5220761299133301,0.1616976261138916,0.23253777623176575,-6571,1.6746161245975153e-39,6,0,2,39,KBYG,large,right,large,left
AssetMarker,966758438,5.1371601702147794e-42,0.5706778764724731,0.1343947947025299,0.18896202743053436,-5127,1.6746035129113364e-39,6,0,2,39,KBYG,large,right,large,left
AssetMarker,968571411,5.138561468679104e-42,0.525474488735199,0.16289351880550384,0.13536223769187927,-10707,1.674567079151264e-39,6,0,2,39,KBYG,large,right,large,left
AssetMarker,78,5.13435757328613e-42,0.5153387188911438,0.1606743484735489,0.24704119563102722,-6953,1.6746161245975153e-39,6,0,2,39,KBYG,large,right,large,left
AssetMarker,958793624,5.1371601702147794e-42,0.5686008930206299,0.13253474235534668,0.19977855682373047,-8561,1.6746035129113364e-39,6,0,2,39,KBYG,large,right,large,left
AssetMarker,968311400,5.138561468679104e-42,0.5225458741188049,0.16264136135578155,0.14819203317165375,31906,1.6745698817481926e-39,6,0,2,39,KBYG,large,right,large,left
AssetMarker,78,5.13435757328613e-42,0.5087964534759521,0.15897499024868011,0.26106759905815124,-7267,1.6746161245975153e-39,6,0,2,39,KBYG,large,right,large,left
AssetMarker,964905324,5.1371601702147794e-42,0.5667526721954346,0.13039623200893402,0.21044033765792847,-12979,1.6746035129113364e-39,6,0,2,39,KBYG,large,right,large,left
AssetMarker,972459465,5.138561468679104e-42,0.5199751853942871,0.1616496592760086,0.16072116792201996,29328,1.6745726843451213e-39,6,0,2,39,KBYG,large,right,large,left
AssetMarker,78,5.13435757328613e-42,0.5024214386940002,0.1567656844854355,0.27438226342201233,-7871,1.6746161245975153e-39,6,0,2,39,KBYG,large,right,large,left
AssetMarker,961208626,5.1371601702147794e-42,0.5648332834243774,0.12781189382076263,0.22093038260936737,-17488,1.6746035129113364e-39,6,0,2,39,KBYG,large,right,large,left
AssetMarker,973324686,5.138561468679104e-42,0.5176237225532532,0.1605510711669922,0.1730034202337265,-17016,1.67457548694205e-39,6,0,2,39,KBYG,large,right,large,left
AssetMarker,78,5.13435757328613e-42,0.49637576937675476,0.15435118973255157,0.286934494972229,-7950,1.6746161245975153e-39,6,0,2,39,KBYG,large,right,large,left
AssetMarker,965102004,5.1371601702147794e-42,0.5629302263259888,0.12498795986175537,0.23134565353393555,-22724,1.6746035129113364e-39,6,0,2,39,KBYG,large,right,large,left
AssetMarker,973855445,5.138561468679104e-42,0.5152915120124817,0.15899713337421417,0.1847868114709854,-2334,1.6745782895389786e-39,6,0,2,39,KBYG,large,right,large,left
AssetMarker,78,5.13435757328613e-42,0.4910632073879242,0.15189942717552185,0.2988296151161194,-8467,1.6746161245975153e-39,6,0,2,39,KBYG,large,right,large,left
AssetMarker,966282371,5.1371601702147794e-42,0.5610225796699524,0.12204547226428986,0.24149104952812195,-28757,1.6746035129113364e-39,6,0,2,39,KBYG,large,right,large,left
AssetMarker,975233457,5.138561468679104e-42,0.5131698846817017,0.15724331140518188,0.19646452367305756,-13446,1.6745810921359072e-39,6,0,2,39,KBYG,large,right,large,left
AssetMarker,78,5.13435757328613e-42,0.4863981604576111,0.14926786720752716,0.3100615441799164,-9320,1.6746161245975153e-39,6,0,2,39,KBYG,large,right,large,left
AssetMarker,957609043,5.1371601702147794e-42,0.5592847466468811,0.11876918375492096,0.25126513838768005,30647,1.6746035129113364e-39,6,0,2,39,KBYG,large,right,large,left
AssetMarker,976092301,5.138561468679104e-42,0.5112787485122681,0.15514114499092102,0.20759345591068268,-22509,1.674583894732836e-39,6,0,2,39,KBYG,large,right,large,left
AssetMarker,78,5.13435757328613e-42,0.48214760422706604,0.14684143662452698,0.3206859827041626,-10111,1.6746161245975153e-39,6,0,2,39,KBYG,large,right,large,left
AssetMarker,961757356,5.1371601702147794e-42,0.5580124855041504,0.11558777093887329,0.2601909637451172,31625,1.6746035129113364e-39,6,0,2,39,KBYG,large,right,large,left
AssetMarker,957671516,5.138561468679104e-42,0.5097465515136719,0.15266059339046478,0.21817649900913238,-3811,1.6745852960313002e-39,6,0,2,39,KBYG,large,right,large,left
AssetMarker,78,5.13435757328613e-42,0.478569358587265,0.14447912573814392,0.33046820759773254,-12312,1.6746161245975153e-39,6,0,2,39,KBYG,large,right,large,left
AssetMarker,973689462,5.1371601702147794e-42,0.5569326877593994,0.11196267604827881,0.2684081792831421,32496,1.6746035129113364e-39,6,0,2,39,KBYG,large,right,large,left
AssetMarker,952959231,5.138561468679104e-42,0.5082919597625732,0.15026691555976868,0.22821755707263946,25425,1.674588098628229e-39,6,0,2,39,KBYG,large,right,large,left
AssetMarker,78,5.13435757328613e-42,0.47561705112457275,0.14181512594223022,0.34001484513282776,-14538,1.6746161245975153e-39,6,0,2,39,KBYG,large,right,large,left
AssetMarker,960140258,5.1371601702147794e-42,0.556218683719635,0.10835932940244675,0.2757669985294342,-32163,1.6746035129113364e-39,6,0,2,39,KBYG,large,right,large,left
AssetMarker,926407528,5.138561468679104e-42,0.5073034763336182,0.14774522185325623,0.23760885000228882,29302,1.6745894999266932e-39,6,0,2,39,KBYG,large,right,large,left
AssetMarker,78,5.13435757328613e-42,0.4732833206653595,0.13896827399730682,0.3485082983970642,-16791,1.6746161245975153e-39,6,0,2,39,KBYG,large,right,large,left
AssetMarker,960763040,5.1371601702147794e-42,0.5557681322097778,0.1047840416431427,0.2826070785522461,-31284,1.6746035129113364e-39,6,0,2,39,KBYG,large,right,large,left
AssetMarker,941876138,5.138561468679104e-42,0.5064946413040161,0.14522483944892883,0.2463783472776413,-5004,1.6745909012251575e-39,6,0,2,39,KBYG,large,right,large,left
AssetMarker,78,5.13435757328613e-42,0.4713330864906311,0.13556621968746185,0.3567110002040863,-18900,1.6746161245975153e-39,6,0,2,39,KBYG,large,right,large,left
AssetMarker,971515990,5.1371601702147794e-42,0.5554198622703552,0.1012321412563324,0.28882908821105957,-30260,1.6746035129113364e-39,6,0,2,39,KBYG,large,right,large,left
AssetMarker,937696536,5.138561468679104e-42,0.5058026909828186,0.14264479279518127,0.2545856535434723,14992,1.674593703822086e-39,6,0,2,39,KBYG,large,right,large,left
AssetMarker,78,5.13435757328613e-42,0.4697163701057434,0.13224124908447266,0.363707035779953,-18983,1.6746161245975153e-39,6,0,2,39,KBYG,large,right,large,left
AssetMarker,975235714,5.1371601702147794e-42,0.5553131103515625,0.09790435433387756,0.294662743806839,-29319,1.6746035129113364e-39,6,0,2,39,KBYG,large,right,large,left
AssetMarker,882956365,5.138561468679104e-42,0.5053156614303589,0.140109583735466,0.26209867000579834,-32145,1.6745951051205505e-39,6,0,2,39,KBYG,large,right,large,left
AssetMarker,78,5.13435757328613e-42,0.4688604772090912,0.1279265731573105,0.37072938680648804,-18725,1.6746161245975153e-39,6,0,2,39,KBYG,large,right,large,left
AssetMarker,968190334,5.1371601702147794e-42,0.5552867650985718,0.09483080357313156,0.29998674988746643,-28353,1.6746035129113364e-39,6,0,2,39,KBYG,large,right,large,left
AssetMarker,885314709,5.138561468679104e-42,0.5049476623535156,0.13770096004009247,0.2690529525279999,-19806,1.6745965064190148e-39,6,0,2,39,KBYG,large,right,large,left
AssetMarker,78,5.13435757328613e-42,0.46847909688949585,0.12380208820104599,0.37660539150238037,-17574,1.6746161245975153e-39,6,0,2,39,KBYG,large,right,large,left
AssetMarker,972370123,5.1371601702147794e-42,0.5551334619522095,0.09136074036359787,0.305243581533432,-27820,1.6746035129113364e-39,6,0,2,39,KBYG,large,right,large,left
AssetMarker,968951820,5.138561468679104e-42,0.5048587322235107,0.13544553518295288,0.2757311165332794,-25860,1.6745965064190148e-39,6,0,2,39,KBYG,large,right,large,left
AssetMarker,78,5.13435757328613e-42,0.46850889921188354,0.12036232650279999,0.38228562474250793,-19436,1.6746161245975153e-39,6,0,2,39,KBYG,large,right,large,left
AssetMarker,976003850,5.1371601702147794e-42,0.5554864406585693,0.0892564207315445,0.30956193804740906,-27069,1.6746035129113364e-39,6,0,2,39,KBYG,large,right,large,left
AssetMarker,961868527,5.138561468679104e-42,0.5048312544822693,0.13323459029197693,0.2813877463340759,-3914,1.6745965064190148e-39,6,0,2,39,KBYG,large,right,large,left
AssetMarker,78,5.13435757328613e-42,0.46848633885383606,0.11754731833934784,0.387463241815567,-20347,1.6746161245975153e-39,6,0,2,39,KBYG,large,right,large,left
AssetMarker,970976374,5.1371601702147794e-42,0.5555173754692078,0.08711662143468857,0.31404995918273926,-25837,1.6746035129113364e-39,6,0,2,39,KBYG,large,right,large,left
AssetMarker,940166610,5.138561468679104e-42,0.5045616030693054,0.13113632798194885,0.2865011692047119,31343,1.674597907717479e-39,6,0,2,39,KBYG,large,right,large,left
AssetMarker,78,5.13435757328613e-42,0.46864473819732666,0.11515283584594727,0.39194828271865845,-21281,1.6746161245975153e-39,6,0,2,39,KBYG,large,right,large,left
AssetMarker,969141866,5.1371601702147794e-42,0.5561014413833618,0.08551525324583054,0.3175995945930481,-24601,1.6746035129113364e-39,6,0,2,39,KBYG,large,right,large,left
AssetMarker,962145502,5.138561468679104e-42,0.5045884847640991,0.12919412553310394,0.29144054651260376,13565,1.6745993090159434e-39,6,0,2,39,KBYG,large,right,large,left
AssetMarker,78,5.13435757328613e-42,0.46874889731407165,0.11307940632104874,0.3961840569972992,-21624,1.6746161245975153e-39,6,0,2,39,KBYG,large,right,large,left
AssetMarker,967609498,5.1371601702147794e-42,0.5571409463882446,0.08361279964447021,0.3210255801677704,-23786,1.6746035129113364e-39,6,0,2,39,KBYG,large,right,large,left
AssetMarker,875351587,5.138561468679104e-42,0.5048918724060059,0.12699078023433685,0.2955090403556824,-4274,1.6745993090159434e-39,6,0,2,39,KBYG,large,right,large,left
AssetMarker,78,5.13435757328613e-42,0.46903714537620544,0.11112851649522781,0.3999895453453064,-21996,1.6746161245975153e-39,6,0,2,39,KBYG,large,right,large,left
AssetMarker,969316314,5.1371601702147794e-42,0.557991087436676,0.08196187019348145,0.32408270239830017,-22962,1.6746035129113364e-39,6,0,2,39,KBYG,large,right,large,left
AssetMarker,873786513,5.138561468679104e-42,0.5051524639129639,0.12489493936300278,0.2991885542869568,-14360,1.6746007103144078e-39,6,0,2,39,KBYG,large,right,large,left
AssetMarker,52,5.13435757328613e-42,0.4694253206253052,0.10921545326709747,0.4033427834510803,-22039,1.6746161245975153e-39,6,0,2,39,KBYG,large,right,large,left
AssetMarker,969041065,5.138561468679104e-42,0.5054435729980469,0.1231013759970665,0.3025364577770233,-30047,1.674602111612872e-39,6,0,2,39,KBYG,large,right,large,left
AssetMarker,52,5.13435757328613e-42,0.47005048394203186,0.10757787525653839,0.40647807717323303,-22305,1.6746161245975153e-39,6,0,2,39,KBYG,large,right,large,left
AssetMarker,965654726,5.138561468679104e-42,0.5057733058929443,0.12155401706695557,0.3056509494781494,14367,1.674602111612872e-39,6,0,2,39,KBYG,large,right,large,left
AssetMarker,52,5.13435757328613e-42,0.4706940948963165,0.1059655249118805,0.40928104519844055,-22945,1.6746161245975153e-39,6,0,2,39,KBYG,large,right,large,left
AssetMarker,968051731,5.138561468679104e-42,0.5059916377067566,0.1197323128581047,0.3086783289909363,-4874,1.6746007103144078e-39,6,0,2,39,KBYG,large,right,large,left
AssetMarker,52,5.13435757328613e-42,0.4715067744255066,0.10439888387918472,0.41191062331199646,-23313,1.6746161245975153e-39,6,0,2,39,KBYG,large,right,large,left
AssetMarker,965643469,5.138561468679104e-42,0.5062649250030518,0.11826355755329132,0.3115525245666504,-15979,1.6746007103144078e-39,6,0,2,39,KBYG,large,right,large,left
AssetMarker,52,5.13435757328613e-42,0.47231581807136536,0.10269977897405624,0.41430509090423584,-23589,1.6746161245975153e-39,6,0,2,39,KBYG,large,right,large,left
AssetMarker,965617487,5.138561468679104e-42,0.5065621137619019,0.11693614721298218,0.3139525353908539,-16640,1.6746007103144078e-39,6,0,2,39,KBYG,large,right,large,left
AssetMarker,52,5.13435757328613e-42,0.47324979305267334,0.10114224255084991,0.41640666127204895,-23505,1.6746161245975153e-39,6,0,2,39,KBYG,large,right,large,left
AssetMarker,965914368,5.138561468679104e-42,0.5065711736679077,0.11567336320877075,0.3158949911594391,-6739,1.6746007103144078e-39,6,0,2,39,KBYG,large,right,large,left
AssetMarker,52,5.13435757328613e-42,0.47426149249076843,0.09964573383331299,0.4182805120944977,-23793,1.6746161245975153e-39,6,0,2,39,KBYG,large,right,large,left
AssetMarker,967400782,5.138561468679104e-42,0.5067711472511291,0.11466031521558762,0.3177252411842346,-772,1.6746007103144078e-39,6,0,2,39,KBYG,large,right,large,left
AssetMarker,52,5.13435757328613e-42,0.47527068853378296,0.09832543879747391,0.4200887084007263,-24163,1.6746161245975153e-39,6,0,2,39,KBYG,large,right,large,left
AssetMarker,965793936,5.138561468679104e-42,0.5068451762199402,0.11406649649143219,0.31936192512512207,5875,1.674602111612872e-39,6,0,2,39,KBYG,large,right,large,left
AssetMarker,52,5.13435757328613e-42,0.4762886166572571,0.09734097123146057,0.4215080440044403,-24536,1.6746161245975153e-39,6,0,2,39,KBYG,large,right,large,left
AssetMarker,965146654,5.138561468679104e-42,0.5069953203201294,0.11372847110033035,0.32066044211387634,7928,1.674602111612872e-39,6,0,2,39,KBYG,large,right,large,left
AssetMarker,52,5.13435757328613e-42,0.4773032069206238,0.0965665802359581,0.4227040112018585,-26446,1.6746161245975153e-39,6,0,2,39,KBYG,large,right,large,left
AssetMarker,967873244,5.138561468679104e-42,0.5072058439254761,0.11344020813703537,0.3219817578792572,18610,1.674602111612872e-39,6,0,2,39,KBYG,large,right,large,left
AssetMarker,52,5.13435757328613e-42,0.4781694710254669,0.09589853137731552,0.4238981604576111,-30342,1.6746161245975153e-39,6,0,2,39,KBYG,large,right,large,left
AssetMarker,973822954,5.138561468679104e-42,0.5073875784873962,0.11276829242706299,0.32319363951683044,-31486,1.674602111612872e-39,6,0,2,39,KBYG,large,right,large,left
AssetMarker,52,5.13435757328613e-42,0.4793950915336609,0.09533803910017014,0.42508772015571594,-28300,1.6746161245975153e-39,6,0,2,39,KBYG,large,right,large,left
AssetMarker,966118685,5.138561468679104e-42,0.5075118541717529,0.11210925877094269,0.32456228137016296,-27963,1.674602111612872e-39,6,0,2,39,KBYG,large,right,large,left
AssetMarker,52,5.13435757328613e-42,0.4805230498313904,0.09475558996200562,0.42599859833717346,-26524,1.6746161245975153e-39,6,0,2,39,KBYG,large,right,large,left
AssetMarker,967327226,5.138561468679104e-42,0.5078350305557251,0.11164797842502594,0.32562777400016785,-23634,1.674602111612872e-39,6,0,2,39,KBYG,large,right,large,left
AssetMarker,52,5.13435757328613e-42,0.4817453920841217,0.0941307470202446,0.4268592894077301,-24434,1.6746161245975153e-39,6,0,2,39,KBYG,large,right,large,left
AssetMarker,966092256,5.138561468679104e-42,0.5082235932350159,0.11115452647209167,0.3264225721359253,-22710,1.674602111612872e-39,6,0,2,39,KBYG,large,right,large,left
AssetMarker,52,5.13435757328613e-42,0.4832863211631775,0.09316321462392807,0.42763209342956543,-22417,1.6746161245975153e-39,6,0,2,39,KBYG,large,right,large,left
AssetMarker,968320143,5.138561468679104e-42,0.508708119392395,0.11067875474691391,0.32730334997177124,-20964,1.674602111612872e-39,6,0,2,39,KBYG,large,right,large,left
AssetMarker,52,5.13435757328613e-42,0.48422056436538696,0.09235180169343948,0.4285230040550232,-20284,1.6746161245975153e-39,6,0,2,39,KBYG,large,right,large,left
AssetMarker,964752354,5.138561468679104e-42,0.5090904831886291,0.11031050235033035,0.3280594050884247,-18396,1.674602111612872e-39,6,0,2,39,KBYG,large,right,large,left
AssetMarker,52,5.13435757328613e-42,0.48442354798316956,0.09217008203268051,0.42899003624916077,-18401,1.6746161245975153e-39,6,0,2,39,KBYG,large,right,large,left
AssetMarker,967788620,5.138561468679104e-42,0.5094555020332336,0.11006645113229752,0.32872822880744934,-16680,1.674602111612872e-39,6,0,2,39,KBYG,large,right,large,left
AssetMarker,52,5.13435757328613e-42,0.4847130477428436,0.09199434518814087,0.42936885356903076,-16623,1.6746161245975153e-39,6,0,2,39,KBYG,large,right,large,left
AssetMarker,968391210,5.138561468679104e-42,0.5098031163215637,0.10978298634290695,0.3293372690677643,-14138,1.674602111612872e-39,6,0,2,39,KBYG,large,right,large,left
AssetMarker,52,5.13435757328613e-42,0.4848000705242157,0.09187334030866623,0.4298359155654907,-14425,1.6746161245975153e-39,6,0,2,39,KBYG,large,right,large,left
AssetMarker,966005425,5.138561468679104e-42,0.5100155472755432,0.10958917438983917,0.3299649655818939,-13213,1.674602111612872e-39,6,0,2,39,KBYG,large,right,large,left
AssetMarker,52,5.13435757328613e-42,0.4847933351993561,0.09183230251073837,0.4302321970462799,-12198,1.6746161245975153e-39,6,0,2,39,KBYG,large,right,large,left
AssetMarker,967276808,5.138561468679104e-42,0.5099776983261108,0.10894691944122314,0.33067062497138977,-7297,1.674602111612872e-39,6,0,2,39,KBYG,large,right,large,left
AssetMarker,52,5.13435757328613e-42,0.4848756194114685,0.09178022295236588,0.430573970079422,-10459,1.6746161245975153e-39,6,0,2,39,KBYG,large,right,large,left
AssetMarker,965812830,5.138561468679104e-42,0.5100427865982056,0.10850198566913605,0.33119121193885803,1346,1.6746035129113364e-39,6,0,2,39,KBYG,large,right,large,left
AssetMarker,52,5.13435757328613e-42,0.4849482476711273,0.09181807935237885,0.43075206875801086,-8691,1.6746161245975153e-39,6,0,2,39,KBYG,large,right,large,left
AssetMarker,965655927,5.138561468679104e-42,0.5106921195983887,0.10895207524299622,0.3311540186405182,3553,1.6746035129113364e-39,6,0,2,39,KBYG,large,right,large,left
AssetMarker,52,5.13435757328613e-42,0.48502036929130554,0.09177956730127335,0.43094149231910706,-6881,1.6746161245975153e-39,6,0,2,39,KBYG,large,right,large,left
AssetMarker,965322596,5.138561468679104e-42,0.5108577609062195,0.10880163311958313,0.3314177393913269,5719,1.6746035129113364e-39,6,0,2,39,KBYG,large,right,large,left
AssetMarker,52,5.13435757328613e-42,0.48518475890159607,0.09181596338748932,0.4311009645462036,-4735,1.6746161245975153e-39,6,0,2,39,KBYG,large,right,large,left
AssetMarker,960581480,5.138561468679104e-42,0.5109548568725586,0.10816708952188492,0.3319111466407776,12164,1.6746035129113364e-39,6,0,2,39,KBYG,large,right,large,left
AssetMarker,52,5.13435757328613e-42,0.48524877429008484,0.09188338369131088,0.4311634600162506,-2793,1.6746161245975153e-39,6,0,2,39,KBYG,large,right,large,left
AssetMarker,960852474,5.138561468679104e-42,0.5110657811164856,0.10791783779859543,0.3321629464626312,19746,1.6746035129113364e-39,6,0,2,39,KBYG,large,right,large,left
AssetMarker,52,5.13435757328613e-42,0.4853495955467224,0.09208481013774872,0.4312184154987335,-423,1.6746161245975153e-39,6,0,2,39,KBYG,large,right,large,left
AssetMarker,965384208,5.138561468679104e-42,0.5110614895820618,0.10808924585580826,0.33241772651672363,27766,1.6746035129113364e-39,6,0,2,39,KBYG,large,right,large,left
AssetMarker,52,5.13435757328613e-42,0.4853135049343109,0.09235294908285141,0.431348592042923,1623,1.6746175258959797e-39,6,0,2,39,KBYG,large,right,large,left
AssetMarker,965996735,5.138561468679104e-42,0.5115180611610413,0.10889652371406555,0.33246713876724243,29557,1.6746035129113364e-39,6,0,2,39,KBYG,large,right,large,left
AssetMarker,52,5.13435757328613e-42,0.48527148365974426,0.09288929402828217,0.431520938873291,3457,1.6746175258959797e-39,6,0,2,39,KBYG,large,right,large,left
AssetMarker,967889398,5.138561468679104e-42,0.5115463137626648,0.10941579937934875,0.3327977657318115,31268,1.6746035129113364e-39,6,0,2,39,KBYG,large,right,large,left
AssetMarker,52,5.13435757328613e-42,0.48512792587280273,0.09407377988100052,0.43171626329421997,5578,1.6746175258959797e-39,6,0,2,39,KBYG,large,right,large,left
AssetMarker,968571894,5.138561468679104e-42,0.5111978054046631,0.10989005863666534,0.33333638310432434,-32483,1.6746035129113364e-39,6,0,2,39,KBYG,large,right,large,left
AssetMarker,52,5.13435757328613e-42,0.4849935472011566,0.09576521813869476,0.4319252073764801,7898,1.6746175258959797e-39,6,0,2,39,KBYG,large,right,large,left
AssetMarker,968110886,5.138561468679104e-42,0.5113865733146667,0.11188904196023941,0.3332383632659912,-31573,1.6746035129113364e-39,6,0,2,39,KBYG,large,right,large,left
AssetMarker,52,5.13435757328613e-42,0.4847126603126526,0.09836799651384354,0.4322371482849121,9940,1.6746175258959797e-39,6,0,2,39,KBYG,large,right,large,left
AssetMarker,966230849,5.138561468679104e-42,0.5112205743789673,0.11395648866891861,0.3336486220359802,-30780,1.6746035129113364e-39,6,0,2,39,KBYG,large,right,large,left
AssetMarker,52,5.13435757328613e-42,0.4844079911708832,0.10188732296228409,0.4325178563594818,12072,1.6746175258959797e-39,6,0,2,39,KBYG,large,right,large,left
AssetMarker,966747564,5.138561468679104e-42,0.5111083388328552,0.11686556041240692,0.33363139629364014,31986,1.6746035129113364e-39,6,0,2,39,KBYG,large,right,large,left
AssetMarker,52,5.13435757328613e-42,0.4839383065700531,0.10654594749212265,0.43261417746543884,13668,1.6746175258959797e-39,6,0,2,39,KBYG,large,right,large,left
AssetMarker,969933796,5.138561468679104e-42,0.5109531879425049,0.12003620713949203,0.33380115032196045,-27329,1.6746035129113364e-39,6,0,2,39,KBYG,large,right,large,left
AssetMarker,52,5.13435757328613e-42,0.48338016867637634,0.11229098588228226,0.4328441917896271,15528,1.6746175258959797e-39,6,0,2,39,KBYG,large,right,large,left
AssetMarker,966762682,5.138561468679104e-42,0.5104477405548096,0.12390489876270294,0.3339264690876007,-29343,1.6746035129113364e-39,6,0,2,39,KBYG,large,right,large,left
AssetMarker,52,5.13435757328613e-42,0.48266610503196716,0.11904837191104889,0.43287280201911926,16903,1.6746175258959797e-39,6,0,2,39,KBYG,large,right,large,left
AssetMarker,969341309,5.138561468679104e-42,0.5100919604301453,0.12875954806804657,0.33391472697257996,-30399,1.6746035129113364e-39,6,0,2,39,KBYG,large,right,large,left
AssetMarker,52,5.13435757328613e-42,0.4818323254585266,0.126536026597023,0.4329090118408203,18074,1.6746175258959797e-39,6,0,2,39,KBYG,large,right,large,left
AssetMarker,971191771,5.138561468679104e-42,0.5094442963600159,0.13447579741477966,0.3337348699569702,-31596,1.6746035129113364e-39,6,0,2,39,KBYG,large,right,large,left
AssetMarker,52,5.13435757328613e-42,0.48105868697166443,0.1354316920042038,0.43301042914390564,18157,1.6746175258959797e-39,6,0,2,39,KBYG,large,right,large,left
AssetMarker,959243131,5.138561468679104e-42,0.5088825225830078,0.14092977344989777,0.3335411548614502,-30325,1.6746035129113364e-39,6,0,2,39,KBYG,large,right,large,left
AssetMarker,52,5.13435757328613e-42,0.480037122964859,0.14479607343673706,0.4326608180999756,15765,1.6746175258959797e-39,6,0,2,39,KBYG,large,right,large,left
AssetMarker,957211231,5.138561468679104e-42,0.5083596706390381,0.14818018674850464,0.3333751857280731,-31891,1.6746035129113364e-39,6,0,2,39,KBYG,large,right,large,left
AssetMarker,52,5.13435757328613e-42,0.4798490107059479,0.15407246351242065,0.43147754669189453,15939,1.6746175258959797e-39,6,0,2,39,KBYG,large,right,large,left
AssetMarker,961785858,5.138561468679104e-42,0.5076983571052551,0.1560623198747635,0.3328379988670349,-26729,1.6746035129113364e-39,6,0,2,39,KBYG,large,right,large,left
AssetMarker,52,5.13435757328613e-42,0.4803413152694702,0.16378407180309296,0.42995205521583557,17817,1.6746175258959797e-39,6,0,2,39,KBYG,large,right,large,left
AssetMarker,862487657,5.138561468679104e-42,0.507097065448761,0.1645604372024536,0.3322068750858307,-25287,1.6746035129113364e-39,6,0,2,39,KBYG,large,right,large,left
AssetMarker,52,5.13435757328613e-42,0.4802016615867615,0.17519961297512054,0.4285115897655487,13973,1.6746175258959797e-39,6,0,2,39,KBYG,large,right,large,left
AssetMarker,979286912,5.138561468679104e-42,0.5064393877983093,0.17368575930595398,0.3312256336212158,-21494,1.6746035129113364e-39,6,0,2,39,KBYG,large,right,large,left
AssetMarker,52,5.13435757328613e-42,0.4777279496192932,0.18824385106563568,0.4291299879550934,12684,1.6746175258959797e-39,6,0,2,39,KBYG,large,right,large,left
AssetMarker,971256650,5.138561468679104e-42,0.5058882832527161,0.1833074390888214,0.3301168978214264,-19030,1.6746035129113364e-39,6,0,2,39,KBYG,large,right,large,left
AssetMarker,52,5.13435757328613e-42,0.4773440659046173,0.20091859996318817,0.42765796184539795,9972,1.6746175258959797e-39,6,0,2,39,KBYG,large,right,large,left
AssetMarker,973248198,5.138561468679104e-42,0.5053108930587769,0.193481907248497,0.3287065625190735,-16292,1.6746035129113364e-39,6,0,2,39,KBYG,large,right,large,left
AssetMarker,52,5.13435757328613e-42,0.47688305377960205,0.21416325867176056,0.42604926228523254,6813,1.6746175258959797e-39,6,0,2,39,KBYG,large,right,large,left
AssetMarker,969782734,5.138561468679104e-42,0.5047625303268433,0.2041757106781006,0.32720738649368286,-14102,1.6746035129113364e-39,6,0,2,39,KBYG,large,right,large,left
AssetMarker,52,5.13435757328613e-42,0.47670549154281616,0.2277691215276718,0.42374154925346374,2461,1.6746175258959797e-39,6,0,2,39,KBYG,large,right,large,left
AssetMarker,972477394,5.138561468679104e-42,0.5041526556015015,0.21520134806632996,0.32532674074172974,-14018,1.6746035129113364e-39,6,0,2,39,KBYG,large,right,large,left
AssetMarker,52,5.13435757328613e-42,0.4763298034667969,0.24156317114830017,0.4213998317718506,1384,1.6746175258959797e-39,6,0,2,39,KBYG,large,right,large,left
AssetMarker,968514575,5.138561468679104e-42,0.5035209059715271,0.22666427493095398,0.32318124175071716,-11689,1.6746035129113364e-39,6,0,2,39,KBYG,large,right,large,left
AssetMarker,52,5.13435757328613e-42,0.4760138690471649,0.25556978583335876,0.4188328683376312,-2614,1.6746161245975153e-39,6,0,2,39,KBYG,large,right,large,left
AssetMarker,966076464,5.138561468679104e-42,0.5029309391975403,0.2384779155254364,0.3207261562347412,-11043,1.6746035129113364e-39,6,0,2,39,KBYG,large,right,large,left
AssetMarker,52,5.13435757328613e-42,0.47588852047920227,0.26956313848495483,0.4159209132194519,-4475,1.6746161245975153e-39,6,0,2,39,KBYG,large,right,large,left
AssetMarker,969211972,5.138561468679104e-42,0.5024082660675049,0.25054535269737244,0.31801968812942505,-13152,1.6746035129113364e-39,6,0,2,39,KBYG,large,right,large,left
AssetMarker,78,5.13435757328613e-42,0.4757055342197418,0.2835771441459656,0.41276514530181885,-6040,1.6746161245975153e-39,6,0,2,39,KBYG,large,right,large,left
AssetMarker,969442675,5.138561468679104e-42,0.501798689365387,0.26284459233283997,0.3150525987148285,-17882,1.6746035129113364e-39,6,0,2,39,KBYG,large,right,large,left
AssetMarker,965464000,5.139962767143429e-42,0.49564310908317566,0.25358182191848755,0.2892466187477112,9974,1.6745656778527996e-39,6,0,2,39,KBYG,large,right,large,left
AssetMarker,104,5.13435757328613e-42,0.4756917953491211,0.29765206575393677,0.4093145728111267,-9280,1.6746161245975153e-39,6,0,2,39,KBYG,large,right,large,left
AssetMarker,967353669,5.138561468679104e-42,0.5013160705566406,0.2753017842769623,0.31174254417419434,-25023,1.6746035129113364e-39,6,0,2,39,KBYG,large,right,large,left
AssetMarker,969836602,5.139962767143429e-42,0.4949764609336853,0.26567280292510986,0.2856610119342804,-10502,1.674567079151264e-39,6,0,2,39,KBYG,large,right,large,left
AssetMarker,970079858,5.141364065607754e-42,0.5519475340843201,0.24504047632217407,0.35537171363830566,11727,1.674614723299051e-39,6,0,2,39,KBYG,large,right,large,left
AssetMarker,104,5.13435757328613e-42,0.47578108310699463,0.3116647005081177,0.4054683744907379,-10567,1.6746161245975153e-39,6,0,2,39,KBYG,large,right,large,left
AssetMarker,968834212,5.138561468679104e-42,0.500852644443512,0.2876955270767212,0.30829378962516785,25926,1.6746035129113364e-39,6,0,2,39,KBYG,large,right,large,left
AssetMarker,973340306,5.139962767143429e-42,0.49445512890815735,0.2773439884185791,0.281941682100296,732,1.6745824934343715e-39,6,0,2,39,KBYG,large,right,large,left
AssetMarker,979702629,5.141364065607754e-42,0.5517798066139221,0.2584284543991089,0.3519708514213562,18953,1.674614723299051e-39,6,0,2,39,KBYG,large,right,large,left
AssetMarker,104,5.13435757328613e-42,0.47598570585250854,0.3256820738315582,0.40127453207969665,-12665,1.6746161245975153e-39,6,0,2,39,KBYG,large,right,large,left
AssetMarker,967222114,5.138561468679104e-42,0.5001275539398193,0.30001306533813477,0.3044113218784332,7539,1.6746035129113364e-39,6,0,2,39,KBYG,large,right,large,left
AssetMarker,973952253,5.139962767143429e-42,0.49421530961990356,0.2892625033855438,0.27846065163612366,-2112,1.6745852960313002e-39,6,0,2,39,KBYG,large,right,large,left
AssetMarker,985176577,5.141364065607754e-42,0.5516040325164795,0.27170443534851074,0.3482239544391632,10721,1.674614723299051e-39,6,0,2,39,KBYG,large,right,large,left
AssetMarker,104,5.13435757328613e-42,0.47619226574897766,0.33956989645957947,0.3967421054840088,-13497,1.6746161245975153e-39,6,0,2,39,KBYG,large,right,large,left
AssetMarker,967392520,5.138561468679104e-42,0.4990212619304657,0.3120270371437073,0.30002832412719727,14959,1.6746035129113364e-39,6,0,2,39,KBYG,large,right,large,left
AssetMarker,979655259,5.139962767143429e-42,0.4942953586578369,0.30225467681884766,0.2753322720527649,18819,1.674588098628229e-39,6,0,2,39,KBYG,large,right,large,left
AssetMarker,985805504,5.141364065607754e-42,0.5511907935142517,0.28485482931137085,0.3440680205821991,-12623,1.6746133220005867e-39,6,0,2,39,KBYG,large,right,large,left
AssetMarker,104,5.13435757328613e-42,0.4764518737792969,0.3534606099128723,0.39166173338890076,-13926,1.6746161245975153e-39,6,0,2,39,KBYG,large,right,large,left
AssetMarker,969603617,5.138561468679104e-42,0.49840477108955383,0.3238069415092468,0.29555636644363403,10664,1.6746035129113364e-39,6,0,2,39,KBYG,large,right,large,left
AssetMarker,975494049,5.139962767143429e-42,0.4929744005203247,0.31297042965888977,0.27058500051498413,-23724,1.6745909012251575e-39,6,0,2,39,KBYG,large,right,large,left
AssetMarker,982206249,5.141364065607754e-42,0.5511223673820496,0.29784175753593445,0.3395913541316986,-32479,1.6746133220005867e-39,6,0,2,39,KBYG,large,right,large,left
AssetMarker,104,5.13435757328613e-42,0.476753294467926,0.3671918511390686,0.3864086866378784,-15944,1.6746161245975153e-39,6,0,2,39,KBYG,large,right,large,left
AssetMarker,970676099,5.138561468679104e-42,0.49759164452552795,0.33549508452415466,0.2908715307712555,992,1.6746035129113364e-39,6,0,2,39,KBYG,large,right,large,left
AssetMarker,976432504,5.139962767143429e-42,0.49066492915153503,0.32405802607536316,0.26568326354026794,9375,1.6745923025236218e-39,6,0,2,39,KBYG,large,right,large,left
AssetMarker,977752070,5.141364065607754e-42,0.5508376955986023,0.3106417655944824,0.3347547650337219,15349,1.6746133220005867e-39,6,0,2,39,KBYG,large,right,large,left
