asset_type,frame_number,participant_id,practicing,block_num,trial_num,task_type,target_size,target_loc,distractor_size,distractor_loc
Prefix,57657,4,0,1,28,GBYK,small,left,small,right
Prefix,57658,4,0,1,28,GBYK,small,left,small,right
Prefix,57659,4,0,1,28,GBYK,small,left,small,right
Prefix,57660,4,0,1,28,GBYK,small,left,small,right
Prefix,57661,4,0,1,28,GBYK,small,left,small,right
Prefix,57662,4,0,1,28,GBYK,small,left,small,right
Prefix,57663,4,0,1,28,GBYK,small,left,small,right
Prefix,57664,4,0,1,28,GBYK,small,left,small,right
Prefix,57665,4,0,1,28,GBYK,small,left,small,right
Prefix,57666,4,0,1,28,GBYK,small,left,small,right
Prefix,57667,4,0,1,28,GBYK,small,left,small,right
Prefix,57668,4,0,1,28,GBYK,small,left,small,right
Prefix,57669,4,0,1,28,GBYK,small,left,small,right
Prefix,57670,4,0,1,28,GBYK,small,left,small,right
Prefix,57671,4,0,1,28,GBYK,small,left,small,right
Prefix,57672,4,0,1,28,GBYK,small,left,small,right
Prefix,57673,4,0,1,28,GBYK,small,left,small,right
Prefix,57674,4,0,1,28,GBYK,small,left,small,right
Prefix,57675,4,0,1,28,GBYK,small,left,small,right
Prefix,57676,4,0,1,28,GBYK,small,left,small,right
Prefix,57677,4,0,1,28,GBYK,small,left,small,right
Prefix,57678,4,0,1,28,GBYK,small,left,small,right
Prefix,57679,4,0,1,28,GBYK,small,left,small,right
Prefix,57680,4,0,1,28,GBYK,small,left,small,right
Prefix,57681,4,0,1,28,GBYK,small,left,small,right
Prefix,57682,4,0,1,28,GBYK,small,left,small,right
Prefix,57683,4,0,1,28,GBYK,small,left,small,right
Prefix,57684,4,0,1,28,GBYK,small,left,small,right
Prefix,57685,4,0,1,28,GBYK,small,left,small,right
Prefix,57686,4,0,1,28,GBYK,small,left,small,right
Prefix,57687,4,0,1,28,GBYK,small,left,small,right
Prefix,57688,4,0,1,28,GBYK,small,left,small,right
Prefix,57689,4,0,1,28,GBYK,small,left,small,right
Prefix,57690,4,0,1,28,GBYK,small,left,small,right
Prefix,57691,4,0,1,28,GBYK,small,left,small,right
Prefix,57692,4,0,1,28,GBYK,small,left,small,right
Prefix,57693,4,0,1,28,GBYK,small,left,small,right
Prefix,57694,4,0,1,28,GBYK,small,left,small,right
Prefix,57695,4,0,1,28,GBYK,small,left,small,right
Prefix,57696,4,0,1,28,GBYK,small,left,small,right
Prefix,57697,4,0,1,28,GBYK,small,left,small,right
Prefix,57698,4,0,1,28,GBYK,small,left,small,right
Prefix,57699,4,0,1,28,GBYK,small,left,small,right
Prefix,57700,4,0,1,28,GBYK,small,left,small,right
Prefix,57701,4,0,1,28,GBYK,small,left,small,right
Prefix,57702,4,0,1,28,GBYK,small,left,small,right
Prefix,57703,4,0,1,28,GBYK,small,left,small,right
Prefix,57704,4,0,1,28,GBYK,small,left,small,right
Prefix,57705,4,0,1,28,GBYK,small,left,small,right
Prefix,57706,4,0,1,28,GBYK,small,left,small,right
Prefix,57707,4,0,1,28,GBYK,small,left,small,right
Prefix,57708,4,0,1,28,GBYK,small,left,small,right
Prefix,57709,4,0,1,28,GBYK,small,left,small,right
Prefix,57710,4,0,1,28,GBYK,small,left,small,right
Prefix,57711,4,0,1,28,GBYK,small,left,small,right
Prefix,57712,4,0,1,28,GBYK,small,left,small,right
Prefix,57713,4,0,1,28,GBYK,small,left,small,right
Prefix,57714,4,0,1,28,GBYK,small,left,small,right
Prefix,57715,4,0,1,28,GBYK,small,left,small,right
Prefix,57716,4,0,1,28,GBYK,small,left,small,right
Prefix,57717,4,0,1,28,GBYK,small,left,small,right
Prefix,57718,4,0,1,28,GBYK,small,left,small,right
Prefix,57719,4,0,1,28,GBYK,small,left,small,right
Prefix,57720,4,0,1,28,GBYK,small,left,small,right
Prefix,57721,4,0,1,28,GBYK,small,left,small,right
Prefix,57722,4,0,1,28,GBYK,small,left,small,right
Prefix,57723,4,0,1,28,GBYK,small,left,small,right
Prefix,57724,4,0,1,28,GBYK,small,left,small,right
Prefix,57725,4,0,1,28,GBYK,small,left,small,right
Prefix,57726,4,0,1,28,GBYK,small,left,small,right
Prefix,57727,4,0,1,28,GBYK,small,left,small,right
Prefix,57728,4,0,1,28,GBYK,small,left,small,right
Prefix,57729,4,0,1,28,GBYK,small,left,small,right
Prefix,57730,4,0,1,28,GBYK,small,left,small,right
Prefix,57731,4,0,1,28,GBYK,small,left,small,right
Prefix,57732,4,0,1,28,GBYK,small,left,small,right
Prefix,57734,4,0,1,28,GBYK,small,left,small,right
Prefix,57735,4,0,1,28,GBYK,small,left,small,right
Prefix,57736,4,0,1,28,GBYK,small,left,small,right
Prefix,57737,4,0,1,28,GBYK,small,left,small,right
Prefix,57738,4,0,1,28,GBYK,small,left,small,right
Prefix,57739,4,0,1,28,GBYK,small,left,small,right
Prefix,57740,4,0,1,28,GBYK,small,left,small,right
Prefix,57741,4,0,1,28,GBYK,small,left,small,right
Prefix,57742,4,0,1,28,GBYK,small,left,small,right
Prefix,57743,4,0,1,28,GBYK,small,left,small,right
Prefix,57744,4,0,1,28,GBYK,small,left,small,right
Prefix,57745,4,0,1,28,GBYK,small,left,small,right
Prefix,57746,4,0,1,28,GBYK,small,left,small,right
Prefix,57747,4,0,1,28,GBYK,small,left,small,right
Prefix,57748,4,0,1,28,GBYK,small,left,small,right
Prefix,57749,4,0,1,28,GBYK,small,left,small,right
Prefix,57750,4,0,1,28,GBYK,small,left,small,right
Prefix,57751,4,0,1,28,GBYK,small,left,small,right
Prefix,57752,4,0,1,28,GBYK,small,left,small,right
Prefix,57753,4,0,1,28,GBYK,small,left,small,right
Prefix,57754,4,0,1,28,GBYK,small,left,small,right
Prefix,57755,4,0,1,28,GBYK,small,left,small,right
Prefix,57756,4,0,1,28,GBYK,small,left,small,right
Prefix,57757,4,0,1,28,GBYK,small,left,small,right
Prefix,57758,4,0,1,28,GBYK,small,left,small,right
Prefix,57759,4,0,1,28,GBYK,small,left,small,right
Prefix,57760,4,0,1,28,GBYK,small,left,small,right
Prefix,57761,4,0,1,28,GBYK,small,left,small,right
Prefix,57762,4,0,1,28,GBYK,small,left,small,right
Prefix,57763,4,0,1,28,GBYK,small,left,small,right
Prefix,57764,4,0,1,28,GBYK,small,left,small,right
Prefix,57765,4,0,1,28,GBYK,small,left,small,right
Prefix,57766,4,0,1,28,GBYK,small,left,small,right
Prefix,57767,4,0,1,28,GBYK,small,left,small,right
Prefix,57768,4,0,1,28,GBYK,small,left,small,right
Prefix,57769,4,0,1,28,GBYK,small,left,small,right
Prefix,57770,4,0,1,28,GBYK,small,left,small,right
Prefix,57771,4,0,1,28,GBYK,small,left,small,right
Prefix,57772,4,0,1,28,GBYK,small,left,small,right
Prefix,57773,4,0,1,28,GBYK,small,left,small,right
Prefix,57774,4,0,1,28,GBYK,small,left,small,right
Prefix,57775,4,0,1,28,GBYK,small,left,small,right
Prefix,57776,4,0,1,28,GBYK,small,left,small,right
Prefix,57777,4,0,1,28,GBYK,small,left,small,right
Prefix,57778,4,0,1,28,GBYK,small,left,small,right
Prefix,57779,4,0,1,28,GBYK,small,left,small,right
Prefix,57780,4,0,1,28,GBYK,small,left,small,right
Prefix,57781,4,0,1,28,GBYK,small,left,small,right
Prefix,57782,4,0,1,28,GBYK,small,left,small,right
Prefix,57783,4,0,1,28,GBYK,small,left,small,right
Prefix,57784,4,0,1,28,GBYK,small,left,small,right
Prefix,57785,4,0,1,28,GBYK,small,left,small,right
Prefix,57786,4,0,1,28,GBYK,small,left,small,right
Prefix,57787,4,0,1,28,GBYK,small,left,small,right
Prefix,57788,4,0,1,28,GBYK,small,left,small,right
Prefix,57789,4,0,1,28,GBYK,small,left,small,right
Prefix,57790,4,0,1,28,GBYK,small,left,small,right
Prefix,57791,4,0,1,28,GBYK,small,left,small,right
Prefix,57792,4,0,1,28,GBYK,small,left,small,right
Prefix,57793,4,0,1,28,GBYK,small,left,small,right
Prefix,57794,4,0,1,28,GBYK,small,left,small,right
Prefix,57795,4,0,1,28,GBYK,small,left,small,right
Prefix,57796,4,0,1,28,GBYK,small,left,small,right
Prefix,57797,4,0,1,28,GBYK,small,left,small,right
Prefix,57798,4,0,1,28,GBYK,small,left,small,right
Prefix,57799,4,0,1,28,GBYK,small,left,small,right
Prefix,57800,4,0,1,28,GBYK,small,left,small,right
Prefix,57801,4,0,1,28,GBYK,small,left,small,right
Prefix,57802,4,0,1,28,GBYK,small,left,small,right
Prefix,57803,4,0,1,28,GBYK,small,left,small,right
Prefix,57804,4,0,1,28,GBYK,small,left,small,right
Prefix,57805,4,0,1,28,GBYK,small,left,small,right
Prefix,57806,4,0,1,28,GBYK,small,left,small,right
Prefix,57807,4,0,1,28,GBYK,small,left,small,right
Prefix,57808,4,0,1,28,GBYK,small,left,small,right
Prefix,57809,4,0,1,28,GBYK,small,left,small,right
Prefix,57810,4,0,1,28,GBYK,small,left,small,right
Prefix,57811,4,0,1,28,GBYK,small,left,small,right
Prefix,57812,4,0,1,28,GBYK,small,left,small,right
Prefix,57813,4,0,1,28,GBYK,small,left,small,right
Prefix,57814,4,0,1,28,GBYK,small,left,small,right
Prefix,57815,4,0,1,28,GBYK,small,left,small,right
Prefix,57816,4,0,1,28,GBYK,small,left,small,right
Prefix,57817,4,0,1,28,GBYK,small,left,small,right
Prefix,57818,4,0,1,28,GBYK,small,left,small,right
Prefix,57819,4,0,1,28,GBYK,small,left,small,right
Prefix,57820,4,0,1,28,GBYK,small,left,small,right
Prefix,57821,4,0,1,28,GBYK,small,left,small,right
Prefix,57822,4,0,1,28,GBYK,small,left,small,right
Prefix,57823,4,0,1,28,GBYK,small,left,small,right
Prefix,57824,4,0,1,28,GBYK,small,left,small,right
Prefix,57825,4,0,1,28,GBYK,small,left,small,right
Prefix,57826,4,0,1,28,GBYK,small,left,small,right
Prefix,57827,4,0,1,28,GBYK,small,left,small,right
Prefix,57828,4,0,1,28,GBYK,small,left,small,right
Prefix,57829,4,0,1,28,GBYK,small,left,small,right
Prefix,57830,4,0,1,28,GBYK,small,left,small,right
Prefix,57831,4,0,1,28,GBYK,small,left,small,right
Prefix,57832,4,0,1,28,GBYK,small,left,small,right
Prefix,57833,4,0,1,28,GBYK,small,left,small,right
Prefix,57834,4,0,1,28,GBYK,small,left,small,right
Prefix,57835,4,0,1,28,GBYK,small,left,small,right
Prefix,57836,4,0,1,28,GBYK,small,left,small,right
Prefix,57837,4,0,1,28,GBYK,small,left,small,right
Prefix,57838,4,0,1,28,GBYK,small,left,small,right
Prefix,57839,4,0,1,28,GBYK,small,left,small,right
Prefix,57840,4,0,1,28,GBYK,small,left,small,right
Prefix,57841,4,0,1,28,GBYK,small,left,small,right
Prefix,57842,4,0,1,28,GBYK,small,left,small,right
Prefix,57843,4,0,1,28,GBYK,small,left,small,right
Prefix,57844,4,0,1,28,GBYK,small,left,small,right
Prefix,57845,4,0,1,28,GBYK,small,left,small,right
Prefix,57846,4,0,1,28,GBYK,small,left,small,right
Prefix,57847,4,0,1,28,GBYK,small,left,small,right
Prefix,57848,4,0,1,28,GBYK,small,left,small,right
Prefix,57849,4,0,1,28,GBYK,small,left,small,right
Prefix,57850,4,0,1,28,GBYK,small,left,small,right
Prefix,57851,4,0,1,28,GBYK,small,left,small,right
Prefix,57852,4,0,1,28,GBYK,small,left,small,right
Prefix,57854,4,0,1,28,GBYK,small,left,small,right
Prefix,57855,4,0,1,28,GBYK,small,left,small,right
Prefix,57856,4,0,1,28,GBYK,small,left,small,right
Prefix,57857,4,0,1,28,GBYK,small,left,small,right
Prefix,57858,4,0,1,28,GBYK,small,left,small,right
Prefix,57859,4,0,1,28,GBYK,small,left,small,right
Prefix,57860,4,0,1,28,GBYK,small,left,small,right
Prefix,57861,4,0,1,28,GBYK,small,left,small,right
Prefix,57862,4,0,1,28,GBYK,small,left,small,right
Prefix,57863,4,0,1,28,GBYK,small,left,small,right
Prefix,57864,4,0,1,28,GBYK,small,left,small,right
Prefix,57865,4,0,1,28,GBYK,small,left,small,right
Prefix,57866,4,0,1,28,GBYK,small,left,small,right
Prefix,57867,4,0,1,28,GBYK,small,left,small,right
Prefix,57868,4,0,1,28,GBYK,small,left,small,right
Prefix,57869,4,0,1,28,GBYK,small,left,small,right
Prefix,57870,4,0,1,28,GBYK,small,left,small,right
Prefix,57871,4,0,1,28,GBYK,small,left,small,right
Prefix,57872,4,0,1,28,GBYK,small,left,small,right
Prefix,57873,4,0,1,28,GBYK,small,left,small,right
Prefix,57874,4,0,1,28,GBYK,small,left,small,right
Prefix,57875,4,0,1,28,GBYK,small,left,small,right
Prefix,57876,4,0,1,28,GBYK,small,left,small,right
Prefix,57877,4,0,1,28,GBYK,small,left,small,right
Prefix,57878,4,0,1,28,GBYK,small,left,small,right
Prefix,57879,4,0,1,28,GBYK,small,left,small,right
Prefix,57880,4,0,1,28,GBYK,small,left,small,right
Prefix,57881,4,0,1,28,GBYK,small,left,small,right
Prefix,57882,4,0,1,28,GBYK,small,left,small,right
Prefix,57883,4,0,1,28,GBYK,small,left,small,right
Prefix,57884,4,0,1,28,GBYK,small,left,small,right
Prefix,57885,4,0,1,28,GBYK,small,left,small,right
Prefix,57886,4,0,1,28,GBYK,small,left,small,right
Prefix,57887,4,0,1,28,GBYK,small,left,small,right
Prefix,57888,4,0,1,28,GBYK,small,left,small,right
Prefix,57889,4,0,1,28,GBYK,small,left,small,right
Prefix,57890,4,0,1,28,GBYK,small,left,small,right
Prefix,57891,4,0,1,28,GBYK,small,left,small,right
Prefix,57892,4,0,1,28,GBYK,small,left,small,right
Prefix,57893,4,0,1,28,GBYK,small,left,small,right
Prefix,57894,4,0,1,28,GBYK,small,left,small,right
Prefix,57895,4,0,1,28,GBYK,small,left,small,right
Prefix,57896,4,0,1,28,GBYK,small,left,small,right
Prefix,57897,4,0,1,28,GBYK,small,left,small,right
Prefix,57898,4,0,1,28,GBYK,small,left,small,right
Prefix,57899,4,0,1,28,GBYK,small,left,small,right
Prefix,57900,4,0,1,28,GBYK,small,left,small,right
Prefix,57901,4,0,1,28,GBYK,small,left,small,right
Prefix,57902,4,0,1,28,GBYK,small,left,small,right
Prefix,57903,4,0,1,28,GBYK,small,left,small,right
Prefix,57904,4,0,1,28,GBYK,small,left,small,right
Prefix,57905,4,0,1,28,GBYK,small,left,small,right
Prefix,57906,4,0,1,28,GBYK,small,left,small,right
Prefix,57907,4,0,1,28,GBYK,small,left,small,right
Prefix,57908,4,0,1,28,GBYK,small,left,small,right
Prefix,57909,4,0,1,28,GBYK,small,left,small,right
Prefix,57910,4,0,1,28,GBYK,small,left,small,right
Prefix,57911,4,0,1,28,GBYK,small,left,small,right
Prefix,57912,4,0,1,28,GBYK,small,left,small,right
Prefix,57913,4,0,1,28,GBYK,small,left,small,right
Prefix,57914,4,0,1,28,GBYK,small,left,small,right
Prefix,57915,4,0,1,28,GBYK,small,left,small,right
Prefix,57916,4,0,1,28,GBYK,small,left,small,right
Prefix,57917,4,0,1,28,GBYK,small,left,small,right
Prefix,57918,4,0,1,28,GBYK,small,left,small,right
Prefix,57919,4,0,1,28,GBYK,small,left,small,right
Prefix,57920,4,0,1,28,GBYK,small,left,small,right
Prefix,57921,4,0,1,28,GBYK,small,left,small,right
Prefix,57922,4,0,1,28,GBYK,small,left,small,right
Prefix,57923,4,0,1,28,GBYK,small,left,small,right
Prefix,57924,4,0,1,28,GBYK,small,left,small,right
Prefix,57925,4,0,1,28,GBYK,small,left,small,right
Prefix,57926,4,0,1,28,GBYK,small,left,small,right
Prefix,57927,4,0,1,28,GBYK,small,left,small,right
Prefix,57928,4,0,1,28,GBYK,small,left,small,right
Prefix,57929,4,0,1,28,GBYK,small,left,small,right
Prefix,57930,4,0,1,28,GBYK,small,left,small,right
Prefix,57931,4,0,1,28,GBYK,small,left,small,right
Prefix,57932,4,0,1,28,GBYK,small,left,small,right
Prefix,57933,4,0,1,28,GBYK,small,left,small,right
Prefix,57934,4,0,1,28,GBYK,small,left,small,right
Prefix,57935,4,0,1,28,GBYK,small,left,small,right
Prefix,57936,4,0,1,28,GBYK,small,left,small,right
Prefix,57937,4,0,1,28,GBYK,small,left,small,right
Prefix,57938,4,0,1,28,GBYK,small,left,small,right
Prefix,57939,4,0,1,28,GBYK,small,left,small,right
Prefix,57940,4,0,1,28,GBYK,small,left,small,right
Prefix,57941,4,0,1,28,GBYK,small,left,small,right
Prefix,57942,4,0,1,28,GBYK,small,left,small,right
Prefix,57943,4,0,1,28,GBYK,small,left,small,right
Prefix,57944,4,0,1,28,GBYK,small,left,small,right
Prefix,57945,4,0,1,28,GBYK,small,left,small,right
Prefix,57946,4,0,1,28,GBYK,small,left,small,right
Prefix,57947,4,0,1,28,GBYK,small,left,small,right
Prefix,57948,4,0,1,28,GBYK,small,left,small,right
Prefix,57949,4,0,1,28,GBYK,small,left,small,right
Prefix,57950,4,0,1,28,GBYK,small,left,small,right
Prefix,57951,4,0,1,28,GBYK,small,left,small,right
Prefix,57952,4,0,1,28,GBYK,small,left,small,right
Prefix,57953,4,0,1,28,GBYK,small,left,small,right
Prefix,57954,4,0,1,28,GBYK,small,left,small,right
Prefix,57955,4,0,1,28,GBYK,small,left,small,right
Prefix,57956,4,0,1,28,GBYK,small,left,small,right
Prefix,57957,4,0,1,28,GBYK,small,left,small,right
Prefix,57958,4,0,1,28,GBYK,small,left,small,right
Prefix,57959,4,0,1,28,GBYK,small,left,small,right
Prefix,57960,4,0,1,28,GBYK,small,left,small,right
Prefix,57961,4,0,1,28,GBYK,small,left,small,right
Prefix,57962,4,0,1,28,GBYK,small,left,small,right
Prefix,57963,4,0,1,28,GBYK,small,left,small,right
Prefix,57964,4,0,1,28,GBYK,small,left,small,right
Prefix,57965,4,0,1,28,GBYK,small,left,small,right
Prefix,57966,4,0,1,28,GBYK,small,left,small,right
Prefix,57967,4,0,1,28,GBYK,small,left,small,right
Prefix,57968,4,0,1,28,GBYK,small,left,small,right
Prefix,57969,4,0,1,28,GBYK,small,left,small,right
Prefix,57970,4,0,1,28,GBYK,small,left,small,right
Prefix,57971,4,0,1,28,GBYK,small,left,small,right
Prefix,57972,4,0,1,28,GBYK,small,left,small,right
Prefix,57973,4,0,1,28,GBYK,small,left,small,right
Prefix,57974,4,0,1,28,GBYK,small,left,small,right
Prefix,57975,4,0,1,28,GBYK,small,left,small,right
Prefix,57976,4,0,1,28,GBYK,small,left,small,right
Prefix,57977,4,0,1,28,GBYK,small,left,small,right
Prefix,57978,4,0,1,28,GBYK,small,left,small,right
Prefix,57979,4,0,1,28,GBYK,small,left,small,right
Prefix,57980,4,0,1,28,GBYK,small,left,small,right
Prefix,57981,4,0,1,28,GBYK,small,left,small,right
Prefix,57982,4,0,1,28,GBYK,small,left,small,right
Prefix,57983,4,0,1,28,GBYK,small,left,small,right
Prefix,57984,4,0,1,28,GBYK,small,left,small,right
Prefix,57985,4,0,1,28,GBYK,small,left,small,right
Prefix,57986,4,0,1,28,GBYK,small,left,small,right
Prefix,57987,4,0,1,28,GBYK,small,left,small,right
Prefix,57988,4,0,1,28,GBYK,small,left,small,right
Prefix,57989,4,0,1,28,GBYK,small,left,small,right
Prefix,57990,4,0,1,28,GBYK,small,left,small,right
Prefix,57991,4,0,1,28,GBYK,small,left,small,right
Prefix,57992,4,0,1,28,GBYK,small,left,small,right
Prefix,57993,4,0,1,28,GBYK,small,left,small,right
Prefix,57994,4,0,1,28,GBYK,small,left,small,right
Prefix,57995,4,0,1,28,GBYK,small,left,small,right
Prefix,57996,4,0,1,28,GBYK,small,left,small,right
Prefix,57997,4,0,1,28,GBYK,small,left,small,right
Prefix,57998,4,0,1,28,GBYK,small,left,small,right
Prefix,57999,4,0,1,28,GBYK,small,left,small,right
Prefix,58000,4,0,1,28,GBYK,small,left,small,right
Prefix,58001,4,0,1,28,GBYK,small,left,small,right
Prefix,58002,4,0,1,28,GBYK,small,left,small,right
Prefix,58003,4,0,1,28,GBYK,small,left,small,right
Prefix,58004,4,0,1,28,GBYK,small,left,small,right
Prefix,58005,4,0,1,28,GBYK,small,left,small,right
Prefix,58006,4,0,1,28,GBYK,small,left,small,right
Prefix,58007,4,0,1,28,GBYK,small,left,small,right
Prefix,58008,4,0,1,28,GBYK,small,left,small,right
Prefix,58009,4,0,1,28,GBYK,small,left,small,right
Prefix,58010,4,0,1,28,GBYK,small,left,small,right
Prefix,58011,4,0,1,28,GBYK,small,left,small,right
Prefix,58012,4,0,1,28,GBYK,small,left,small,right
Prefix,58013,4,0,1,28,GBYK,small,left,small,right
Prefix,58014,4,0,1,28,GBYK,small,left,small,right
Prefix,58015,4,0,1,28,GBYK,small,left,small,right
Prefix,58016,4,0,1,28,GBYK,small,left,small,right
Prefix,58017,4,0,1,28,GBYK,small,left,small,right
Prefix,58018,4,0,1,28,GBYK,small,left,small,right
Prefix,58019,4,0,1,28,GBYK,small,left,small,right
Prefix,58020,4,0,1,28,GBYK,small,left,small,right
Prefix,58021,4,0,1,28,GBYK,small,left,small,right
Prefix,58022,4,0,1,28,GBYK,small,left,small,right
Prefix,58023,4,0,1,28,GBYK,small,left,small,right
Prefix,58024,4,0,1,28,GBYK,small,left,small,right
Prefix,58025,4,0,1,28,GBYK,small,left,small,right
Prefix,58026,4,0,1,28,GBYK,small,left,small,right
Prefix,58027,4,0,1,28,GBYK,small,left,small,right
Prefix,58028,4,0,1,28,GBYK,small,left,small,right
Prefix,58029,4,0,1,28,GBYK,small,left,small,right
Prefix,58030,4,0,1,28,GBYK,small,left,small,right
Prefix,58031,4,0,1,28,GBYK,small,left,small,right
Prefix,58032,4,0,1,28,GBYK,small,left,small,right
Prefix,58033,4,0,1,28,GBYK,small,left,small,right
Prefix,58034,4,0,1,28,GBYK,small,left,small,right
Prefix,58035,4,0,1,28,GBYK,small,left,small,right
Prefix,58036,4,0,1,28,GBYK,small,left,small,right
Prefix,58037,4,0,1,28,GBYK,small,left,small,right
Prefix,58038,4,0,1,28,GBYK,small,left,small,right
Prefix,58039,4,0,1,28,GBYK,small,left,small,right
Prefix,58040,4,0,1,28,GBYK,small,left,small,right
Prefix,58041,4,0,1,28,GBYK,small,left,small,right
Prefix,58042,4,0,1,28,GBYK,small,left,small,right
Prefix,58043,4,0,1,28,GBYK,small,left,small,right
Prefix,58044,4,0,1,28,GBYK,small,left,small,right
Prefix,58045,4,0,1,28,GBYK,small,left,small,right
Prefix,58046,4,0,1,28,GBYK,small,left,small,right
Prefix,58047,4,0,1,28,GBYK,small,left,small,right
Prefix,58048,4,0,1,28,GBYK,small,left,small,right
Prefix,58049,4,0,1,28,GBYK,small,left,small,right
Prefix,58050,4,0,1,28,GBYK,small,left,small,right
Prefix,58051,4,0,1,28,GBYK,small,left,small,right
Prefix,58052,4,0,1,28,GBYK,small,left,small,right
Prefix,58053,4,0,1,28,GBYK,small,left,small,right
Prefix,58054,4,0,1,28,GBYK,small,left,small,right
Prefix,58055,4,0,1,28,GBYK,small,left,small,right
Prefix,58056,4,0,1,28,GBYK,small,left,small,right
Prefix,58057,4,0,1,28,GBYK,small,left,small,right
